Artwork Title,Type,Edt Size,Mint Date,Platform,Collection Name,Collaborator/Special Type,Link,Contract Hash,Token Type,TokenID Start,Token ID End,IPFS Image,IPFS Json,Pinned?,Hosting Type,Image link
Explode,Unique,1,2/4/20,SuperRare,,,https://superrare.com/artwork-v2/explode-7673,0xb932a70a57673d89f4acffbe830e8ed7f75fb9e0,ERC-721,1/2,7673,Qmd3xEyqJXoyZG8vpT2zsrwxV5dZmWHz986iXysrzQMZr4,QmbVjyadjJXYTzaf4r8uBhG3CJ5Y1CVb4AuutuBGoo1Kb8,Y,IPFS,https://i2.seadn.io/ethereum/0xb932a70a57673d89f4acffbe830e8ed7f75fb9e0/9c7e77afb675d51c9c0bf9799af01f/439c7e77afb675d51c9c0bf9799af01f.gif?w=350
Revolution,Unique,1,2/5/20,SuperRare,,,https://superrare.com/artwork-v2/revolution-7735,0xb932a70A57673d89f4acfFBE830E8ed7f75Fb9e0,ERC-721,3/5,7735,QmXmM7a7vrU2dyzX9n1N9rL5i6kC16SmPE9Aizs8JUdaZq,QmYQ6RXeSacTgig3ppkbDPoyE91pk4LGyzpboaQptJmrRB,Y,IPFS,https://i2.seadn.io/ethereum/0xb932a70a57673d89f4acffbe830e8ed7f75fb9e0/bf024b6ff0a234c1bf47e4b2511ece/dabf024b6ff0a234c1bf47e4b2511ece.gif?w=350
Vortex,Unique,1,2/14/20,SuperRare,,,https://superrare.com/artwork-v2/vortex-8025,0xb932a70A57673d89f4acfFBE830E8ed7f75Fb9e0,ERC-721,12/20,8025,QmfFTC2kzrzjssZ3wce5SKVPSad8iG4kbzFr1opj8tikEh,QmdM8XdS5MPwib5JE6v259Yar6p9Th4CPHRK2xa9DuhKuY,Y,IPFS,https://i2.seadn.io/ethereum/0xb932a70a57673d89f4acffbe830e8ed7f75fb9e0/94e1e2453ba75ea6867c008ce4232d/1e94e1e2453ba75ea6867c008ce4232d.gif?w=350
Safe,Unique,1,2/18/20,SuperRare,,,https://superrare.com/artwork-v2/safe-8130,0xb932a70A57673d89f4acfFBE830E8ed7f75Fb9e0,ERC-721,4/4,8130,QmZjNYNGLvD4gT4TgVv5Zxy4kZZKM1isJpC7LaRvCzv6ZM,QmX44EQFnsWZqq3334aWLokuPJCL39VxiyK77Z87QSL6xf,Y,IPFS,https://i2.seadn.io/ethereum/0xb932a70a57673d89f4acffbe830e8ed7f75fb9e0/d2bbe4edda69cbc2372b13aab6b148/66d2bbe4edda69cbc2372b13aab6b148.gif?w=350
Waves,Unique,1,2/20/20,SuperRare,,,https://superrare.com/artwork-v2/waves-8194,0xb932a70A57673d89f4acfFBE830E8ed7f75Fb9e0,ERC-721,6/7,8194,QmTWz5hRzKxqUw94H2MTgvAY5rY2cTbHWFF5Gd8Ur5VNTs,QmTF3dkmgEjWZkPtggQQdaFEQ786hE1taVvKWymGAVe7Gh,Y,IPFS,https://i2.seadn.io/ethereum/0xb932a70a57673d89f4acffbe830e8ed7f75fb9e0/f0c23fd0746e8ec59fa69b4ea38309/68f0c23fd0746e8ec59fa69b4ea38309.gif?w=350
Valley,Unique,1,2/26/20,SuperRare,,,https://superrare.com/artwork-v2/valley-8364,0xb932a70A57673d89f4acfFBE830E8ed7f75Fb9e0,ERC-721,11/24,8364,QmULbjq2V8qEi7oSZXJ4huWmLbxGbC7NvP8V7sA6X8MEtj,QmYL5sWCiBb5ug7zcVR7SBjuFk5qbsaPm6wggTamzLXjgu,Y,IPFS,https://i2.seadn.io/ethereum/0xb932a70a57673d89f4acffbe830e8ed7f75fb9e0/4e6155aa9a97b57d82be9813a82143/0a4e6155aa9a97b57d82be9813a82143.gif?w=350
Cloak,Unique,1,3/4/20,SuperRare,,,https://superrare.com/artwork-v2/cloak-8527,0xb932a70A57673d89f4acfFBE830E8ed7f75Fb9e0,ERC-721,5/6,8527,Qmdd2Ye5gKAzf2bxN6Qf9aUajobyL63qJnjLDADqBop59v,QmaQYmbHF5edchFsEHBxDY3ri1ayagT6xySDkDeJiTukLh,Y,IPFS,https://i2.seadn.io/ethereum/0xb932a70a57673d89f4acffbe830e8ed7f75fb9e0/7d6d2218846c6b201920d779679bd0/9e7d6d2218846c6b201920d779679bd0.gif?w=350
Thumbs Up,Unique,1,3/10/20,SuperRare,,,https://superrare.com/artwork-v2/thumbs-up-8682,0xb932a70A57673d89f4acfFBE830E8ed7f75Fb9e0,ERC-721,10/8,8682,Qmb3x7qJrT27Ex85Nw5HhYUAsJEtddj9YJrBttryiYYVjV,QmW9kZhhuvworrKRZqx13YDWmnHJL6Fk6NqXdPF5G2J6PE,Y,IPFS,https://i2.seadn.io/ethereum/0xb932a70a57673d89f4acffbe830e8ed7f75fb9e0/7d5b7568db4b856f1f921736d33969/3b7d5b7568db4b856f1f921736d33969.gif?w=350
Flip,Unique,1,3/17/20,SuperRare,,,https://superrare.com/artwork-v2/flip-8829,0xb932a70A57673d89f4acfFBE830E8ed7f75Fb9e0,ERC-721,3/3,8829,QmZ8MWmoNNxFMjAoxWhGXFcf1qbs6eZC8aAg4k8u9iJqyQ,QmZFZitU2t9uJ49sct7Sm3Hj1EZNsDB9yZ9DuBLGUDAgaR,Y,IPFS,https://i2.seadn.io/ethereum/0xb932a70a57673d89f4acffbe830e8ed7f75fb9e0/44e7245d618b0efd7f9a516d55c22d/2a44e7245d618b0efd7f9a516d55c22d.gif?w=350
Chuting Star,Unique,1,3/24/20,SuperRare,,,https://superrare.com/artwork-v2/chuting-star-9010,0xb932a70A57673d89f4acfFBE830E8ed7f75Fb9e0,ERC-721,8/31,9010,QmVLVq2AheUfjYUgPc3ttuimH7RjfM85v4rtDYpyY77Kb9,QmXMUHQ4eR3ziFAHya8fatCzTsRu4ASdqi9H9Np4ExJrjK,Y,IPFS,https://i2.seadn.io/ethereum/0xb932a70a57673d89f4acffbe830e8ed7f75fb9e0/2ea426b9405dd6829d96847ac3d371/f32ea426b9405dd6829d96847ac3d371.gif?w=350
Isolation,Unique,1,4/12/20,SuperRare,,,https://superrare.com/artwork-v2/isolation-9445,0xb932a70A57673d89f4acfFBE830E8ed7f75Fb9e0,ERC-721,11/9,9445,Qmc1rZzvAUkKm4sVc8Xhz5ucf5n41rmxyjrCekQ6L7K6Bw,QmXLWyRNXnWVcJDMGwZoFDXKvPZt2HHLwENtUffHvh66rj,Y,IPFS,https://i2.seadn.io/ethereum/0xb932a70a57673d89f4acffbe830e8ed7f75fb9e0/beb94e96e0b081f23299dc8da220c1/16beb94e96e0b081f23299dc8da220c1.gif?w=350
Immolation,Unique,1,4/12/20,SuperRare,,,https://superrare.com/artwork-v2/immolation-9446,0xb932a70A57673d89f4acfFBE830E8ed7f75Fb9e0,ERC-721,11/10,9446,QmWDFvUVCBM7vCAk7Y4PMkPEVsQ6r8n77Ss6GgXNW52Ak3,QmPrSQ5kNBp3de8t9bGXWD8st7y42womfXzcSBmYqYzU5w,Y,IPFS,https://i2.seadn.io/ethereum/0xb932a70a57673d89f4acffbe830e8ed7f75fb9e0/36fbcd11d01e320c6d1516e4e3bf64/e936fbcd11d01e320c6d1516e4e3bf64.gif?w=350
Wired,Unique,1,4/18/20,SuperRare,,,https://superrare.com/artwork-v2/wired-9580,0xb932a70A57673d89f4acfFBE830E8ed7f75Fb9e0,ERC-721,3/24,9580,QmZZKU8DkCs9SPvJr34V33qQFVu2wxnuAbPEn2dyPex9Kq,QmXVCshEXpWC3YLLv4ddtXEwAiKe7xmsSu5ao7R5QrWK8k,Y,IPFS,https://i2.seadn.io/ethereum/0xb932a70a57673d89f4acffbe830e8ed7f75fb9e0/3a6761d6bcf6111089d56392708f38/cb3a6761d6bcf6111089d56392708f38.gif?w=350
Distancing,Unique,1,4/20/20,PixelChain,,,https://opensea.io/assets/ethereum/0xbc0e164ee423b7800e355b012c06446e28b1a29d/1297,0xb932a70A57673d89f4acfFBE830E8ed7f75Fb9e0,ERC-721,7/20,1297,,,ONCHAIN,ONCHAIN,https://i2.seadn.io/ethereum/0xbc0e164ee423b7800e355b012c06446e28b1a29d/a70931c9659b8c6155032a895d3d76b5.png?w=1000
Waves.pxc,Unique,1,4/20/20,PixelChain,,,https://opensea.io/assets/ethereum/0xbc0e164ee423b7800e355b012c06446e28b1a29d/1284,0xd07dc4262BCDbf85190C01c996b4C06a461d2430,ERC-721,7/7,1284,,,ONCHAIN,ONCHAIN,https://i2.seadn.io/ethereum/0xbc0e164ee423b7800e355b012c06446e28b1a29d/d639d72b2798c99251ad780871921570.png?w=1000
Worship,Unique,1,4/21/20,PixelChain,,,https://opensea.io/assets/ethereum/0xbc0e164ee423b7800e355b012c06446e28b1a29d/1357,0xd07dc4262BCDbf85190C01c996b4C06a461d2430,ERC-721,9/18,1357,,,ONCHAIN,ONCHAIN,https://i2.seadn.io/ethereum/0xbc0e164ee423b7800e355b012c06446e28b1a29d/bfaf4a629068577a4705716df5bac5dc.png?w=1000
Gates,Unique,1,4/21/20,PixelChain,,,https://opensea.io/assets/ethereum/0xbc0e164ee423b7800e355b012c06446e28b1a29d/1397,0xd07dc4262BCDbf85190C01c996b4C06a461d2430,ERC-721,10/28,1397,,,ONCHAIN,ONCHAIN,https://i2.seadn.io/ethereum/0xbc0e164ee423b7800e355b012c06446e28b1a29d/a5701f74382475023b29cf0a35d84e26.png?w=1000
Split,Unique,1,4/28/20,SuperRare,,,https://superrare.com/artwork-v2/split-9781,0xb932a70A57673d89f4acfFBE830E8ed7f75Fb9e0,ERC-721,10/11,9781,QmVBVvkc5azz9HA2wmJ7st1sft3P6dvhwWeHZ79atbrQ2j,QmeB2Hb7qGqpUEN761szvRB7rtdEi5JMzreKCRUW1bAjWu,Y,IPFS,https://storage.googleapis.com/sr_prod_artworks_bucket/asset%2Fa777a95440869ae5b6983b0429c408cc987a2fd96f820093e55eeb9c022305c2.gif
Growth,Unique,1,5/10/20,SuperRare,,,https://superrare.com/artwork-v2/growth-10108,0xb932a70A57673d89f4acfFBE830E8ed7f75Fb9e0,ERC-721,9/3,10108,QmWsyAwKbcRXrq6k1Ke5fxRUa8PwW4RoUoqMwVN3z5i2ck,QmTspYBTD8SyRGyikqYAU7uKuSmqy5Z4Q6jpBjoqzioNfQ,Y,IPFS,https://i2.seadn.io/ethereum/0xb932a70a57673d89f4acffbe830e8ed7f75fb9e0/1a337cdb007344502a5ebc9db91b58/df1a337cdb007344502a5ebc9db91b58.gif?w=350
Folders,Unique,1,5/23/20,SuperRare,,,https://superrare.com/artwork-v2/folders-10435,0xb932a70A57673d89f4acfFBE830E8ed7f75Fb9e0,ERC-721,7/26,10435,QmNzMBBYVVZT9Hiokkv8mU6VsXEh5QmrGZVKipXPpQtuZp,QmSUDtgjjTmh3h1GDTMb8FzjoJNgGsfxfyJ8J3jcQWvh59,Y,IPFS,https://i2.seadn.io/ethereum/0xb932a70a57673d89f4acffbe830e8ed7f75fb9e0/a1e3769f9866a18a36e3109694f0cf/c1a1e3769f9866a18a36e3109694f0cf.gif?w=350
Tunnel,Unique,1,6/2/20,SuperRare,,,https://superrare.com/artwork-v2/tunnel-10662,0xb932a70A57673d89f4acfFBE830E8ed7f75Fb9e0,ERC-721,3/10,10662,Qma1n8eygeshg7jVAqyXt2NsRWKNBxjhPy12cLrkztQTWq,QmeF23pDzzC3Q1LMsPAyZbts3oDDj7oAtJCk4h1fhsn3Rv,Y,IPFS,https://i2.seadn.io/ethereum/0xb932a70a57673d89f4acffbe830e8ed7f75fb9e0/c7737e87207dd5fc40a35b32dc4929/2dc7737e87207dd5fc40a35b32dc4929.gif?w=350
Candy Shelf,Edition,10,6/8/20,Rarible,,,https://opensea.io/item/ethereum/0xd07dc4262bcdbf85190c01c996b4c06a461d2430/126,0xd07dc4262bcdbf85190c01c996b4c06a461d2430,ERC-1155,126,126,QmYvys8oYtHcSAkSNTpePbCWR3CwEtgSqGULbvVPRqirbb,Qmb3ssMAw4Q6gvGYXR4eT9K5jw5tXn4nL3PqW1ZjvEsEgL,Y,IPFS,https://i2.seadn.io/ethereum/0xd07dc4262bcdbf85190c01c996b4c06a461d2430/071c873ea3abd135e2a18aafbc783aed.png?w=1000
Transfer,Unique,1,6/20/20,SuperRare,,,https://superrare.com/artwork-v2/transfer-11217,0xb932a70A57673d89f4acfFBE830E8ed7f75Fb9e0,ERC-721,9/16,11217,QmR3TbYQ5jYFamxZFzgzNUwZsrh6UFurNRunnLmm2n3qsr,QmP5rRbDgg7m4ogsqBaH9TwLbQZpqw5S58Zz7CiEYpLLEk,Y,IPFS,https://i2.seadn.io/ethereum/0xb932a70a57673d89f4acffbe830e8ed7f75fb9e0/67312d81b06145fe55593144181d35/1667312d81b06145fe55593144181d35.gif?w=350
Fireworks,Unique,1,7/4/20,SuperRare,,,https://superrare.com/artwork-v2/fireworks-11613,0xb932a70A57673d89f4acfFBE830E8ed7f75Fb9e0,ERC-721,10/17,11613,QmX5uXcNdBWWQ8E8qHkJRHF3C4YAnJcHPYawd7VJdhtfEN,QmQ6L6RXrJQUx6DaTj4NB26VJ8dcLxfwMX4SNGEGeCVh8P,Y,IPFS,https://i2.seadn.io/ethereum/0xb932a70a57673d89f4acffbe830e8ed7f75fb9e0/b4137d94969e2d1831e94bc3f86883/73b4137d94969e2d1831e94bc3f86883.gif?w=350
Yearn,Unique,1,7/8/20,SuperRare,,,https://superrare.com/artwork-v2/yearn-11718,0xb932a70A57673d89f4acfFBE830E8ed7f75Fb9e0,ERC-721,1/30,11718,QmfBQqfNHvDkMkLv86s9DFEzXN1S8mbLht3Sn6pJUe6XSA,QmcJosD6G9svrpZA7pvrvXJnv124mEpF6agYymRMBjGd1i,Y,IPFS,https://i2.seadn.io/ethereum/0xb932a70a57673d89f4acffbe830e8ed7f75fb9e0/0d0055f502be1fca4dea7b7791696e/2e0d0055f502be1fca4dea7b7791696e.gif?w=350
Spectrum,Unique,1,7/24/20,SuperRare,,,https://superrare.com/artwork-v2/spectrum-12149,0xb932a70A57673d89f4acfFBE830E8ed7f75Fb9e0,ERC-721,4/5,12149,QmUzDyhBiqdAH7DmhYQTEvummiQtoEzqL16JNRv6GcgoYM,QmePv6jkuLnQCNRdRBdXCRPVPoUrNe8GshdbEvSQLix7Lu,Y,IPFS,https://i2.seadn.io/ethereum/0xb932a70a57673d89f4acffbe830e8ed7f75fb9e0/5b85feeaedfae57c5cfb7ad9959fac/0b5b85feeaedfae57c5cfb7ad9959fac.gif?w=350
Crypto Candy,Unique,1,8/3/20,Rarible,,,https://opensea.io/assets/ethereum/0x60f80121c31a0d46b5279700f9df786054aa5ee5/5100,0x60F80121C31A0d46B5279700f9DF786054aa5eE5,ERC-721,12/17,5100,QmQgNhiNV4kW7kJrf7bNxMGBrwLqmkwebyjDtjowo272sR,QmQDx5seWrRc3ud7cvGMBNN7aiz6LVC3Vmt2umUENVGzAi,Y,IPFS,https://i2.seadn.io/ethereum/0x60f80121c31a0d46b5279700f9df786054aa5ee5/b52cbf165dc8b5e35cb5fdbe2908a907.gif?w=1000
Gas,Unique,1,8/8/20,SuperRare,,,https://superrare.com/artwork-v2/gas-12660,0xb932a70A57673d89f4acfFBE830E8ed7f75Fb9e0,ERC-721,8/29,12660,QmeJuEDLNeGWBvRQHTCzEqxTqYK1PTnsqtJCfFfzaJ4VYD,QmQJuJCBrKd6NBHV1ByTQ4A6AeGKLuLrdgH8PUW9qM7EZ6,Y,IPFS,https://i2.seadn.io/ethereum/0xb932a70a57673d89f4acffbe830e8ed7f75fb9e0/03194fc8804f4f7ff73ec179ee29a2/4903194fc8804f4f7ff73ec179ee29a2.gif?w=350
Yeast Lords,Edition,10,8/11/20,Rarible,,Free Airdrop,https://opensea.io/item/ethereum/0xd07dc4262bcdbf85190c01c996b4c06a461d2430/3592,0xd07dc4262BCDbf85190C01c996b4C06a461d2430,ERC-1155,3592,,QmdRGKszF55HM6oZe6qupU6xDNiXS6Yx9os4RLmPsziTZe,QmNbkkSXocwhsnn9GjEousUdMVZtgExmwosLXK1FoPMF6Z,Y,IPFS,https://i2.seadn.io/ethereum/0xd07dc4262bcdbf85190c01c996b4c06a461d2430/93a3f3c62cd5ad71a4d988078bef4428.gif?w=1000
Frankfurt Candy Shoppe Postcard,Edition,56,8/28/20,Rarible,,Free Airdrop,https://opensea.io/item/ethereum/0xd07dc4262bcdbf85190c01c996b4c06a461d2430/5836,0xd07dc4262BCDbf85190C01c996b4C06a461d2430,ERC-1155,5836,,QmexDvQdbx9J1naZJ7aE4bVGNHb5FhXhPXmqk2kPWBVA5T,Qmf7JagLpd2heYp9qcMbGVBnDZuLVZqkXdi1GfEHm6XkrZ,Y,IPFS,https://i2.seadn.io/ethereum/0xd07dc4262bcdbf85190c01c996b4c06a461d2430/e4a6867053fc57b8518535818aac6dce.jpeg?w=1000
Groove,Unique,1,9/3/20,SuperRare,,,https://superrare.com/artwork-v2/groove-13398,0xb932a70A57673d89f4acfFBE830E8ed7f75Fb9e0,ERC-721,13398,13398,QmZMKeL1wY32iKdhCm7MdkvHMfhEdpQauhRucE62kbZy8Q,QmeBP3aTwh9e8wQfAFy5eTseWVmTofTDX51ECjPjLGVn8e,Y,IPFS,https://i2.seadn.io/ethereum/0xb932a70a57673d89f4acffbe830e8ed7f75fb9e0/298d9c03fff47412648350ff913fe2/b9298d9c03fff47412648350ff913fe2.gif?w=350
Adrenaline,Unique,1,9/4/20,SuperRare,,Mlibty,https://superrare.com/artwork-v2/adrenaline-(46-150)-13431,0xb932a70A57673d89f4acfFBE830E8ed7f75Fb9e0,ERC-721,13431,13431,QmV2YQHNfAuENCiWAYv98YEmWgFRL31Yrroxx6fNVmWLdb,QmYjEWa5PW4p2ZrTJuZe591J9ur79bg3ytWE4g8yvAHzoj,Y,IPFS,https://i2.seadn.io/ethereum/0xb932a70a57673d89f4acffbe830e8ed7f75fb9e0/8ab7f9aee094d492e46780db8e7c49/698ab7f9aee094d492e46780db8e7c49.gif?w=350
Mandala,Edition,10,9/10/20,Rarible,,,https://opensea.io/item/ethereum/0xd07dc4262bcdbf85190c01c996b4c06a461d2430/8049,0xd07dc4262BCDbf85190C01c996b4C06a461d2430,ERC-1155,9781,9781,QmPmhJ9vFraiSYgJ1qo6HBbtHgMZHAh185te1Gi1X3b7i8,QmXiQRgV2vVhcSdtN6CiXKiBQHMJzBvygtyeLoqdcTAnjH,Y,IPFS,https://i2.seadn.io/ethereum/0xd07dc4262bcdbf85190c01c996b4c06a461d2430/7dc216405bdc3ae3c6ce7c9285f7e57e.jpeg?w=1000
Pugzle,Edition,10,9/13/20,Rarible,,,https://opensea.io/item/ethereum/0xd07dc4262bcdbf85190c01c996b4c06a461d2430/9047,0xd07dc4262BCDbf85190C01c996b4C06a461d2430,ERC-1155,9047,9047,QmS2qxNtQr1YyRMiLBNnNmnUyWcKVtRN4wWzSvuTRub1e8,QmbSig5hR9QQXbknNoP7JzT736eUbKC9WDdc6swwv9SVTh,Y,IPFS,https://i2.seadn.io/ethereum/0xd07dc4262bcdbf85190c01c996b4c06a461d2430/8a6465247d98dcdaca52ee8c17726c7b.jpeg?w=1000
PowerSurge,Unique,1,9/16/20,Rarible,,,https://opensea.io/item/ethereum/0x60f80121c31a0d46b5279700f9df786054aa5ee5/15543,0x60F80121C31A0d46B5279700f9DF786054aa5eE5,ERC-721,15543,15543,QmPGFrn3xdCScMVhgibCoPRKdu3DyasmWsYYQT5F5BHrkn,BROKEN,,IPFS,https://i2.seadn.io/ethereum/0x60f80121c31a0d46b5279700f9df786054aa5ee5/d0b668e3a42a0125d1f4972f0601f102.gif?w=1000
Creative Cycle,Edition,10,9/19/20,Rarible,,,https://opensea.io/item/ethereum/0xd07dc4262bcdbf85190c01c996b4c06a461d2430/12302,0xd07dc4262BCDbf85190C01c996b4C06a461d2430,ERC-1155,12302,,QmU2dXG8HzgVqvCY4tsmEGjSK7wA3skbRaG9giAUijbT4N,QmWytcR9JouzxcTvJyz7WCuzGwBcUo4gzYaKovhaqYSVQA,Y,IPFS,https://i2.seadn.io/ethereum/0xd07dc4262bcdbf85190c01c996b4c06a461d2430/504477da6aff5eb1b02c27c78da681c2.jpeg?w=1000
Falling,Unique,1,9/25/20,SuperRare,,,https://superrare.com/artwork-v2/falling-13965,0xb932a70A57673d89f4acfFBE830E8ed7f75Fb9e0,ERC-721,13965,13965,QmPNz2DFmNdheiDsYBoyTfCiaBYyXsDx2rf6rxSis6cxmN,QmTC3JRhzqVpzBqcNSJbH1wqLdHT9z7ojBneD6bS8oVLKw,Y,IPFS,https://i2.seadn.io/ethereum/0xb932a70a57673d89f4acffbe830e8ed7f75fb9e0/91fc96a265821679e899893208a8b4/4691fc96a265821679e899893208a8b4.gif?w=350
Saxabone,Unique,1,10/17/20,SuperRare,,,https://superrare.com/artwork-v2/saxabone-14867,0xb932a70A57673d89f4acfFBE830E8ed7f75Fb9e0,ERC-721,14867,14867,QmYeKzejbPtyTh1FeEBsWZVUNoKYoHsvCBL2qTC297WBVe,QmUS4dcX4giDw4Mf4uafU1tnGuniZ1hw1s2saRL2Gkm566,Y,IPFS,https://i2.seadn.io/ethereum/0xb932a70a57673d89f4acffbe830e8ed7f75fb9e0/c2c89282fa3bcbb660a1f91123ba71/06c2c89282fa3bcbb660a1f91123ba71.gif?w=350
Bonsai Kittens,Edition,10,10/29/20,Rarible,,,https://opensea.io/item/ethereum/0xd07dc4262bcdbf85190c01c996b4c06a461d2430/26195,0xd07dc4262BCDbf85190C01c996b4C06a461d2430,ERC-1155,26195,,QmbhPsGA5NWE8RyisuRwCLfJmPaues6i61r57gmLzWLVDG,QmNUiqQWwqh8M2zSC7H2HDywYJGFUfwZ5yN6jN3dJt4Qz2,Y,IPFS,https://i2.seadn.io/ethereum/0xd07dc4262bcdbf85190c01c996b4c06a461d2430/59ca60ee90e453bfeaaf6dad1525a12e.gif?w=1000
Reach,Unique,1,10/30/20,SuperRare,,,https://superrare.com/artwork-v2/reach-15497,0xb932a70A57673d89f4acfFBE830E8ed7f75Fb9e0,ERC-721,15497,15497,QmQp4umz8roY7RCJG2cXjq8VNeoNjgdmGhRwWbdvTZkYpb,QmbqUjRXFazsgft44gZux4muG3ZLD7wYgQKbwTg5zYuWcw,Y,IPFS,https://i2.seadn.io/ethereum/0xb932a70a57673d89f4acffbe830e8ed7f75fb9e0/b6d3c24f3bbd1c7f33c764bdfd0445/13b6d3c24f3bbd1c7f33c764bdfd0445.gif?w=350
Overcast,Edition,10,10/31/20,NiftyGateway,Cloudy Collection,,https://niftygateway.com/marketplace/collection/0xf186807982b56c2463da2a76bd8b1b69b979f9eb/1?filters[onSale]=true&sortBy=lowest,0xf186807982B56c2463DA2A76BD8b1b69b979F9eb,ERC-721,9300010001,9300010005,QmTsXfNDoeU9yw2FbAdjJHdaYa1imN8rNe4pEojAD1ymkv,NG API,Y,Platform,https://i2.seadn.io/ethereum/0xf186807982b56c2463da2a76bd8b1b69b979f9eb/cde9e77934c293624dec8a3d5a785c1b.png?w=350
Breezy,Edition,5,10/31/20,NiftyGateway,Cloudy Collection,,https://niftygateway.com/marketplace/collection/0xf186807982b56c2463da2a76bd8b1b69b979f9eb/2?filters[onSale]=true&sortBy=lowest,0xf186807982B56c2463DA2A76BD8b1b69b979F9eb,ERC-721,9300020001,9300020010,Qmb2tN89YB5jSMfSZoyt4Q41vEjCk853epAKKifPNLfvxj,NG API,Y,Platform,https://i2.seadn.io/ethereum/0xf186807982b56c2463da2a76bd8b1b69b979f9eb/bd202b7d02e99d99356a28065af9f96c.png?w=350
Downpour,Edition,20,10/31/20,NiftyGateway,Cloudy Collection,,https://niftygateway.com/marketplace/collection/0xf186807982b56c2463da2a76bd8b1b69b979f9eb/3?filters[onSale]=true&sortBy=lowest,0xf186807982B56c2463DA2A76BD8b1b69b979F9eb,ERC-721,9300030001,9300030020,QmWRSVvVz7CZ7CmkmSsszh7bRj9TaHCqkauRZA5fGnC2jV,NG API,Y,Platform,https://i2.seadn.io/ethereum/0xf186807982b56c2463da2a76bd8b1b69b979f9eb/b9230886d6f3b3178e90a969f75c76c2.png?w=350
BrinkDrink,Edition,10,11/11/20,CryptoDrinks,,Xibot,https://opensea.io/item/ethereum/0x819d965d8e0a1d9852e805dec073084bd3c5637f/3,0x819D965d8E0A1D9852e805dEC073084Bd3C5637F,ERC-1155,3,,QmPMHYDdYVmSgqNLiZFA1ZjSTQuX5Eto1pu6gMMYPYgZEh,QmXNAWTCgGWK5yNjSavMxn6kdKPh7eRJysxhpTHgLWRrAn,Y,IPFS,https://i2.seadn.io/ethereum/0x819d965d8e0a1d9852e805dec073084bd3c5637f/c71aba5d773f127c9ad7f111915b879e.gif?w=1000
Downstream,Unique,1,11/15/20,SuperRare,,,https://superrare.com/artwork-v2/downstream-16195,0xb932a70A57673d89f4acfFBE830E8ed7f75Fb9e0,ERC-721,16195,16195,QmfFN2vbsFspQ95dYdwkCEiun5haJTArMtBMfNCPqkgVqu,Qmf8gSeBZTrzvSiCf2iUZaiNtSBY9ooEqP1FFDuRdckom5,Y,IPFS,https://i2.seadn.io/ethereum/0xb932a70a57673d89f4acffbe830e8ed7f75fb9e0/5e83525a877eeef6adf9c4e524650e/0e5e83525a877eeef6adf9c4e524650e.gif?w=350
NFT Spirits,Edition,30,11/23/20,Rarible/Physical,,MrY,https://opensea.io/item/ethereum/0xd07dc4262bcdbf85190c01c996b4c06a461d2430/83674,0xd07dc4262BCDbf85190C01c996b4C06a461d2430,ERC-1155,83674,,QmPMHYDdYVmSgqNLiZFA1ZjSTQuX5Eto1pu6gMMYPYgZEh,QmdZqUow7EmW5sY6SmixaVqJN72ma16iFdiNZMCacfZGGG,Y,IPFS,https://i2.seadn.io/ethereum/0xd07dc4262bcdbf85190c01c996b4c06a461d2430/2607b2c330b27d50caf6f724b62d9d81.gif?w=1000
Candy Cane,Edition,200,12/1/20,Rarible,,Pranksy,https://opensea.io/item/ethereum/0xd07dc4262bcdbf85190c01c996b4c06a461d2430/88111,0xd07dc4262BCDbf85190C01c996b4C06a461d2430,,88111,,Qma5JKhjkpaRoRp2V8XZeLbbFYDo1qeFYGX6yPuGuUkj7k,QmW3tVGqZCpgdWk8iyiuj2GRZKKniqm4n5xMRs8fXcHbSb,Y,IPFS,https://i2.seadn.io/ethereum/0xd07dc4262bcdbf85190c01c996b4c06a461d2430/582b54376c212c07bf6d32aa617c26cb.gif?w=1000
Defense,Unique,1,12/5/20,SuperRare,,,https://superrare.com/artwork-v2/defense-16926,0xb932a70A57673d89f4acfFBE830E8ed7f75Fb9e0,ERC-721,16926,16926,QmcfNbjvGDrqPFoxDhRfsHJJnzbjGo2d1uXPboay5XoDwJ,QmPvK13oHu1ZYeNDNc7KDP197izTS7EnukkHW7joMc7CpV,Y,IPFS,https://i2.seadn.io/ethereum/0xb932a70a57673d89f4acffbe830e8ed7f75fb9e0/762239c11ee8b3347658a01606108c/d5762239c11ee8b3347658a01606108c.gif?w=350
Bryfocals,Wearable,10,12/21/20,Decentraland,,Scavenger Hunt Giveaway,https://opensea.io/collection/decentraland-wearables?search[sortAscending]=true&search[sortBy]=UNIT_PRICE&search[stringTraits][0][name]=collection&search[stringTraits][0][values][0]=Xmash%20up%202020&search[stringTraits][1][name]=category&search[stringTraits][1][values][0]=Eyewear,0xdd9c7bc159dacb19c9f6b9d7e23948c87aa2397f,ERC-721,"2,7,8,9,11,12,13,14,16,19",,HOSTED BY DECENTRLAND,,,Platform,https://i2.seadn.io/ethereum/0xdd9c7bc159dacb19c9f6b9d7e23948c87aa2397f/374d5b9116a31bc470440a546290043b.png?w=1000
Fountain,Unique,1,12/28/20,SuperRare,,,https://superrare.com/artwork-v2/fountain-17664,0xb932a70A57673d89f4acfFBE830E8ed7f75Fb9e0,ERC-721,17664,17664,QmQ1Atj7HRofp6AB1iFhHdJAN4zmT3j6Z4o1kB3gTCA1e2,QmQ4BHxcmXEkDTYxyqAyRhC5xExe8ijj9gfnpFtuYpJ3J6,Y,IPFS,https://i2.seadn.io/ethereum/0xb932a70a57673d89f4acffbe830e8ed7f75fb9e0/1db5fa670bd51df6aea98c175843a5/571db5fa670bd51df6aea98c175843a5.gif?w=350
Few Charm,Unique,1,1/15/21,Digitalax,,Lorena Bello,https://opensea.io/collection/digitalaxnft?search[sortBy]=PRICE&search[sortAscending]=true&search[stringTraits][0][name]=FGO%20Artist&search[stringTraits][0][values][0]=Bryan%20Brinkman,0x0b509f4b044f713a91bb50535914f7ad160532fe,,,,QmYJL1bkoSN4XKJ1AWkp47G6K1MnGwDRRvYip7oL3R6RMx,Qmap6rM5L7bqatLPVTc4gQky2VKgkkVJcg8VK9RcA5cQkA,,IPFS,https://i2.seadn.io/ethereum/0x0b509f4b044f713a91bb50535914f7ad160532fe/02946fc35a7ccb2ff554e215dc60f02d.png?w=350
Beyond Me,Edition,3,1/15/21,Digitalax,,Lorena Bello,https://opensea.io/collection/digitalaxnft?search[sortBy]=PRICE&search[sortAscending]=true&search[stringTraits][0][name]=FGO%20Artist&search[stringTraits][0][values][0]=Bryan%20Brinkman,0x0b509f4b044f713a91bb50535914f7ad160532fe,ERC-721,63,65,Qmd8g82sdK6DJnHpeSgTosthMRXvj49oubt4xQM7VJ7ghJ,QmegVXauaK3mudcJbJwaiTWHSSCnoe1Sp9YBxAQuBdVdYD,Y,IPFS,https://i2.seadn.io/ethereum/0x0b509f4b044f713a91bb50535914f7ad160532fe/67a8c52d543a2dc338daea5a163a3bf0.png?w=350
Blue Funk,Edition,7,1/15/21,Digitalax,,Lorena Bello,https://opensea.io/collection/digitalaxnft?search[sortBy]=PRICE&search[sortAscending]=true&search[stringTraits][0][name]=FGO%20Artist&search[stringTraits][0][values][0]=Bryan%20Brinkman,0x0B509F4b044F713A91bB50535914f7ad160532fe,ERC-721,,79,Qmdu6SRcpvfmzYq7Htswdf5NngmWHFtpo1bxJXzdJ11JLL,QmQmu3mRq8wXtHDWFhtk8jbyymPaTWrbVSHETX4A7Ct1FB,Y,IPFS,https://i2.seadn.io/ethereum/0x0b509f4b044f713a91bb50535914f7ad160532fe/e95ed81e41b4c3dc5bbf177d6c19236a.png?w=350
NimBuds,Generative,400,1/16/21,ArtBlocks,,,https://opensea.io/collection/nimbuds-by-bryan-brinkman,0xa7d8d9ef8D8Ce8992Df33D8b8CF4Aebabd5bD270,ERC-721,10000000,10000399,,,ONCHAIN,ONCHAIN,https://i2.seadn.io/ethereum/0xa7d8d9ef8d8ce8992df33d8b8cf4aebabd5bd270/4b6f3b198019b0fec98a545069b0dc84.png?w=350
Pavillion Sculpture,Unique,1,1/21/21,Cargo,,Donation,https://opensea.io/item/ethereum/0x42ea135d8e9e90657d6d5f715f59794c68be7f17/346,0x42ea135d8e9e90657D6d5F715f59794c68BE7f17,ERC-721,346,346,BROKEN,,,,https://p199.p4.n0.cdn.zight.com/items/YEuYyXlm/6ee8f854-5d03-4e15-9345-8649bf19e1dd.jpeg?v=856caf1173d77e2559ac7e433c7007fa
Popcorn,Edition,10,1/21/21,Terra Virtua,,,https://marketplace.virtua.com/marketplace?page=1&nft_type_code=ARTWORK&brand_code=INDEPENDENT_ARTIST&artist_code=BryanBrinkman&art_collection_code=UNLIMITED_REFILLS&sorting=placement&sort_type=asc&sort_by=default,,,,,Hosted by Platform,,,Platform,https://inventory.virtua.com/terravirtuaart/images/large/bb_pop.gif
Soda,Edition,10,1/21/21,Terra Virtua,,,https://marketplace.virtua.com/marketplace?page=1&nft_type_code=ARTWORK&brand_code=INDEPENDENT_ARTIST&artist_code=BryanBrinkman&art_collection_code=UNLIMITED_REFILLS&sorting=placement&sort_type=asc&sort_by=default,,,,,Hosted by Platform,,,Platform,https://inventory.virtua.com/terravirtuaart/images/large/bb_sda.gif
Candy,Edition,10,1/21/21,Terra Virtua,,,https://marketplace.virtua.com/marketplace?page=1&nft_type_code=ARTWORK&brand_code=INDEPENDENT_ARTIST&artist_code=BryanBrinkman&art_collection_code=UNLIMITED_REFILLS&sorting=placement&sort_type=asc&sort_by=default,,,,,Hosted by Platform,,,Platform,https://inventory.virtua.com/terravirtuaart/images/large/bb_cdy.gif
Shelfie,Unique,1,1/29/21,SuperRare,,,https://superrare.com/artwork-v2/shelfie-18841,0xb932a70A57673d89f4acfFBE830E8ed7f75Fb9e0,ERC-721,18841,18841,QmeGNZtdDcWhJRU4WVBTE42urDV2eHip5V34xU8LXDJbyd,Qma8W624ScspyGGgGEf9dvFpJpZPLM1Ykjd7deoyMZRyWF,Y,IPFS,https://i2.seadn.io/ethereum/0xb932a70a57673d89f4acffbe830e8ed7f75fb9e0/4a3387e67bd2d40a036d77425df01b/854a3387e67bd2d40a036d77425df01b.jpeg?w=350
Beach,Unique,1,2/18/21,SuperRare,,Karan4D,https://superrare.com/artwork-v2/beach-19613,0xb932a70A57673d89f4acfFBE830E8ed7f75Fb9e0,ERC-721,19613,19613,QmWgRy7MN3tJBxAu1esEmxyLookN84R9idiPQyjyds5ebb,QmUkKfEf2vJzS5P5DozVM1Qkhx2KUGm2ngcDWAuaN2tDSe,Y,IPFS,https://i2.seadn.io/ethereum/0xb932a70a57673d89f4acffbe830e8ed7f75fb9e0/18f66e7ad353bbb3102dcf54add0bc/e818f66e7ad353bbb3102dcf54add0bc.gif?w=350
Flower,Edition,5,2/18/21,KnownOrigin,,Karan 4D,https://opensea.io/item/ethereum/0xfbeef911dc5821886e1dda71586d90ed28174b7d/281376,0xfbeef911dc5821886e1dda71586d90ed28174b7d,ERC-721,281376,281380,QmcqcSahzfhmBGB8oLWvNosBvDuBB48kDREjuWF8AHCfDM,QmeSfBQwkZUCgtD1coC7PWyxSwL2BNkqSGX1p9kXFMYG7w,Y,IPFS,https://i2.seadn.io/ethereum/0xfbeef911dc5821886e1dda71586d90ed28174b7d/a3261131659f6af1d7523b1289a0c817.gif?w=1000
Plunge,Unique,1,3/6/21,Foundation,,,https://opensea.io/assets/ethereum/0x3b3ee1931dc30c1957379fac9aba94d1c48a5405/4098,0x3B3ee1931Dc30C1957379FAc9aba94D1C48a5405,ERC-721,4098,4098,QmQZ7UecVU9cPa89FhK7FSam1EZ9AnJsNhfDQNkhMak6mz,,Y,IPFS,https://i2.seadn.io/ethereum/0x3b3ee1931dc30c1957379fac9aba94d1c48a5405/96a93b55bed30a24fc1188affcee4326.mp4?frame-time=1&w=350
ModPod,Edition,5,3/13/21,$WHALE Store,,,https://opensea.io/collection/whale-store,0xF6C71e1e72254051F2e26270C16A84Fbd1dBFAfD,ERC-721,3,,QmYH2CJLWTLyB2iHdJZvQanvnMtNSPcLb7bSeuPjcL4Ra9,,Y,IPFS,https://i2.seadn.io/ethereum/0xf6c71e1e72254051f2e26270c16a84fbd1dbfafd/f27f7df1062dd2db5a0781c31007b5/59f27f7df1062dd2db5a0781c31007b5.gif?w=1000
NimBeats,Edition,120,3/16/21,Rarible,,Commission,https://opensea.io/assets/ethereum/0xd07dc4262bcdbf85190c01c996b4c06a461d2430/300066,0xd07dc4262BCDbf85190C01c996b4C06a461d2430,ERC-1155,10000000 - 10000399,,QmV5Vw57jQR6x1XLt8dX7PFTEFT2mcVYXjVpsGNCPif3zj,QmWJpigTeJLiuiWGDCjHg3iDZJaGiNGuy1HbE74kpZsjV8,Y,IPFS,https://i2.seadn.io/ethereum/0xd07dc4262bcdbf85190c01c996b4c06a461d2430/cc9f3a65121c21a3a2fc30a1f7ab344d.jpeg?w=350
Inside The Metaverse,Unique,1,3/23/21,Opensea,,Dario De Siena,https://opensea.io/assets/ethereum/0x495f947276749ce646f68ac8c248420045cb7b5e/38039128345254064647589517671143081133011420513097535766912356063895254728705,0x495f947276749ce646f68ac8c248420045cb7b5e,ERC-1155,,,Opensea Shared Storefront,,,Opensea,https://i2.seadn.io/ethereum/0x495f947276749ce646f68ac8c248420045cb7b5e/eb124a881835c5ea5d447cc1dfab402b.png?w=350
Head In The Clouds,Edition,118,4/20/21,Kolectiv.gg,,,https://opensea.io/collection/kolectiv?search[sortAscending]=true&search[sortBy]=PRICE&search[stringTraits][0][name]=Artists&search[stringTraits][0][values][0]=Bryan%20Brinkman,0x4764bC088A27F490353E8cf1558ba02fDc418C65,ERC-721,,,Hosted by Platform,,,Platform,https://i2.seadn.io/ethereum/0x4764bc088a27f490353e8cf1558ba02fdc418c65/475e0955b68d279579611b2393a30585.mp4?frame-time=1&w=350
Insecurity,Unique,1,4/23/21,SuperRare,,,https://superrare.com/artwork-v2/insecurity-23833,0xb932a70A57673d89f4acfFBE830E8ed7f75Fb9e0,ERC-721,23833,23833,QmUaiRWWNbKUcecsk5RQwKE8gDmyMqNKoDidrrtT3uCDPU,QmNkY3FsTZUxatiit3fzBTm3ioZattGNz7wpmQ6HHQVPPB,Y,IPFS,https://i2.seadn.io/ethereum/0xb932a70a57673d89f4acffbe830e8ed7f75fb9e0/f87f32de85dbdba0732f86416d37fa/90f87f32de85dbdba0732f86416d37fa.gif?w=350
Two Chords,Edition,100,4/24/21,Song A Day,,Jonathan Mann / Eclectic Method,https://opensea.io/item/ethereum/0x2dea2f6f6c5e4210937d7903f0e5f990b2514da7/6,0x2Dea2F6F6C5E4210937d7903F0e5F990b2514Da7,ERC-1155,6,,QmXv5BTsgF4P4mhK9rCuTaJk68q9gBVL81foNe446Csqra,QmbRtsYg1Qm2jxnj4FJY1L5WvAceP6W3ipCVEC34fdFbpr,Y,IPFS,https://i2.seadn.io/ethereum/0x2dea2f6f6c5e4210937d7903f0e5f990b2514da7/ac410532e6cf2fe116e7b96ecb9f180e.png?w=350
Bettys Notebook,Unique,1,4/26/21,Async Music,,Verdigris Ensemble,https://opensea.io/item/ethereum/0xb6dae651468e9593e4581705a09c10a76ac1e0c8/1592,0xb6dae651468e9593e4581705a09c10a76ac1e0c8,,1592,1592,40 pins,QmY9dfJHH8Q5S2uLbKVspY4rFNCvUdxmnnSQG7q1vWWfGs,Y,IPFS,https://raw2.seadn.io/ethereum/0xb6dae651468e9593e4581705a09c10a76ac1e0c8/99c2d8600ca25b454189f92ce41bd97e.png
The Choir,Unique,1,4/26/21,Async Music,,Verdigris Ensemble,https://opensea.io/item/ethereum/0xb6dae651468e9593e4581705a09c10a76ac1e0c8/1593,0xb6dae651468e9593e4581705a09c10a76ac1e0c8,,1593,1593,2 pins,QmPAgr5Kt7kV46dH3n3Hr7nWfscAnW1ZCvB2BB6umjZiiy,Y,IPFS,https://i2.seadn.io/ethereum/0xb6dae651468e9593e4581705a09c10a76ac1e0c8/f133207a3591a6cf8407fc52df48f14b.png?w=1000
Betty's Voice,Unique,1,4/26/21,Async Music,,Verdigris Ensemble,https://opensea.io/item/ethereum/0xb6dae651468e9593e4581705a09c10a76ac1e0c8/1594,0xb6dae651468e9593e4581705a09c10a76ac1e0c8,,1594,1594,2 pins,QmdPTaxzzFVmnnhYGmrvMR7NAE7tGkXNdYcMZ9fCY3LGwS,Y,IPFS,https://i2.seadn.io/ethereum/0xb6dae651468e9593e4581705a09c10a76ac1e0c8/0228bfc1a11950a14d6a88fb899cbf40.png?w=1000
Betty's Choir,Unique,1,4/26/21,Async Music,,Verdigris Ensemble,https://opensea.io/item/ethereum/0xb6dae651468e9593e4581705a09c10a76ac1e0c8/1595,0xb6dae651468e9593e4581705a09c10a76ac1e0c8,,1595,1595,2 pins,QmZBcBF3qBGJT5jRzhcDnWPHJAETJmprwKEdqitbiAGca3,Y,IPFS,https://i2.seadn.io/ethereum/0xb6dae651468e9593e4581705a09c10a76ac1e0c8/4134c5cda5ff0a5be07a2fce918a1134.png?w=1000
Betty's Radio,Unique,1,4/26/21,Async Music,,Verdigris Ensemble,https://opensea.io/item/ethereum/0xb6dae651468e9593e4581705a09c10a76ac1e0c8/1596,0xb6dae651468e9593e4581705a09c10a76ac1e0c8,,1596,1596,2 pins,QmfPmu2nQJcwPxSvoHZurGz11PeHCvdt8j2ZdacAZrSyHb,Y,IPFS,https://i2.seadn.io/ethereum/0xb6dae651468e9593e4581705a09c10a76ac1e0c8/3e82eb8d606c574d9749fba12531a5e9.png?w=1000
Petio x Bryan Brinkman,Unique,1,4/26/21,SuperRare,,Petio,https://superrare.com/artwork-v2/petio-x-bryan-brinkman-23936,0xb932a70A57673d89f4acfFBE830E8ed7f75Fb9e0,ERC-721,23936,23936,Qma9foYfquPe4g3J9VHb8LJ22JLpKKDHabVc9fYCbYUBSh,QmQnmUKs7jNYrNAGsoihexpeXdN3iTesCrFzb6ynAwUxii,Y,IPFS,https://i2.seadn.io/ethereum/0xb932a70a57673d89f4acffbe830e8ed7f75fb9e0/2e99337150eba87451ed72b3e59123/a72e99337150eba87451ed72b3e59123.gif?w=350
BN Platinum Record,Edition,3,4/26/21,Async Music,,Verdigris Ensemble,https://opensea.io/collection/async-music?search[stringTraits][0][name]=Artist&search[stringTraits][0][values][0]=Verdigris%20Ensemble,0x100b8361baa522d69df839f0089fa1728aaa1aa8,,,,,,,IPFS,https://i2.seadn.io/ethereum/0x100b8361baa522d69df839f0089fa1728aaa1aa8/801f7c96ed78df3ab2c1d338599e793f.png?w=1000
BN Gold Record,Edition,10,4/26/21,Async Music,,Verdigris Ensemble,https://opensea.io/collection/async-music?search[stringTraits][0][name]=Artist&search[stringTraits][0][values][0]=Verdigris%20Ensemble,0x100b8361baa522d69df839f0089fa1728aaa1aa8,,1592001,1592001,,QmaQBpPVGqh55zWj7hruuSvyGEg6pzwuGd3kh1qD1jmUzy,,IPFS,https://raw2.seadn.io/ethereum/0x3e43944d977dea22511da6d33c0cab666a604515/d96b22645d9ece238fec781338c85dab.png
BN Silver Record,Edition,36,4/26/21,Async Music,,Verdigris Ensemble,https://opensea.io/collection/async-music?search[stringTraits][0][name]=Artist&search[stringTraits][0][values][0]=Verdigris%20Ensemble,0x100b8361baa522d69df839f0089fa1728aaa1aa8,,,,,,,IPFS,https://raw2.seadn.io/ethereum/0x3e43944d977dea22511da6d33c0cab666a604515/bcc89fcf1e97543a3224e5987344bb36.png
BN Blanks,Edition,166,4/26/21,Async Music,,Verdigris Ensemble,https://opensea.io/assets/ethereum/0x100b8361baa522d69df839f0089fa1728aaa1aa8/1592002,0x100b8361baa522d69df839f0089fa1728aaa1aa8,ERC-1155,,,,,,IPFS,https://i2.seadn.io/ethereum/0x100b8361baa522d69df839f0089fa1728aaa1aa8/bbf8251852eae2777e3c63be51febdd4.png?w=1000
Whaleception,Unique,1,5/16/21,$WHALE Store,,,https://opensea.io/assets/ethereum/0xf6c71e1e72254051f2e26270c16a84fbd1dbfafd/57,0xF6C71e1e72254051F2e26270C16A84Fbd1dBFAfD,ERC-721,57,57,Arweave,,N/A,Arweave,https://i2.seadn.io/ethereum/0xf6c71e1e72254051f2e26270c16a84fbd1dbfafd/6df7d8b662711571596d530b51669b/f66df7d8b662711571596d530b51669b.png?w=1000
Artvatars Special 1,Unique,1,5/31/21,Artvatars,,,https://opensea.io/assets/matic/0x272f20cb476ef250e6e8478740dc62416040bdf0/75,0x272F20cB476Ef250e6E8478740dc62416040bdF0,ERC-721,75,75,BROKEN,,,Platform,https://i2.seadn.io/polygon/0x272f20cb476ef250e6e8478740dc62416040bdf0/286d6cd48987806f1b8275c86b3d5c/67286d6cd48987806f1b8275c86b3d5c.png?w=1000
Artvatars,,Various Traits,5/31/21,Artvatars,,,https://opensea.io/collection/artvatars,,,,,BROKEN,,,Platform,https://i2.seadn.io/polygon/0xbccaa7acb552a2c7eb27c7eb77c2cc99580735b9/5a4c5c4ee696db2ce30afe298b8618/225a4c5c4ee696db2ce30afe298b8618.png?w=1000
Bull Run,Edition,10,6/7/21,NiftyGateway,Flicker Fusion,,https://niftygateway.com/marketplace/collection/0xd6be6a8f01bcf904d7054e58054a8e1b45b63da0/1?filters[onSale]=true&sortBy=lowest,0xd6be6a8f01bcf904d7054e58054a8e1b45b63da0,ERC-721,75,75,QmUnUjmET6B1stv9XVw2TQecXaFjtZijEbSngLNhW6Vi6b,NG API,Y,Platform,https://i2.seadn.io/ethereum/0xd6be6a8f01bcf904d7054e58054a8e1b45b63da0/d246c6ee2173f69e8c250323a559daff.png?w=350
Swipe,Edition,15,6/7/21,NiftyGateway,Flicker Fusion,,https://niftygateway.com/marketplace/collection/0xd6be6a8f01bcf904d7054e58054a8e1b45b63da0/2?filters[onSale]=true&sortBy=lowest,0xd6be6a8f01bcf904d7054e58054a8e1b45b63da0,ERC-721,54200010001,54200010010,QmUnUjmET6B1stv9XVw2TQecXaFjtZijEbSngLNhW6Vi6b,NG API,Y,Platform,https://i2.seadn.io/ethereum/0xd6be6a8f01bcf904d7054e58054a8e1b45b63da0/f5d76e6c1a3645ec64988b72027d1cd9.png?w=350
Kickflip,Edition,25,6/7/21,NiftyGateway,Flicker Fusion,,https://niftygateway.com/marketplace/collection/0xd6be6a8f01bcf904d7054e58054a8e1b45b63da0/3?filters[onSale]=true&sortBy=lowest,0xd6be6a8f01bcf904d7054e58054a8e1b45b63da0,ERC-721,54200020001,54200020015,Qmer9G7xSRgcjfpreeSpYDAUvRuqkErkEYxFUPw3Tpk7XP,NG API,Y,Platform,https://i2.seadn.io/ethereum/0xd6be6a8f01bcf904d7054e58054a8e1b45b63da0/4f49447658623336e13ff65b68301538.png?w=350
Cloudy,Edition,35,6/7/21,NiftyGateway,Flicker Fusion,,https://niftygateway.com/marketplace/collection/0xd6be6a8f01bcf904d7054e58054a8e1b45b63da0/4?filters[onSale]=true&sortBy=lowest,0xd6be6a8f01bcf904d7054e58054a8e1b45b63da0,ERC-721,54200030001,54200030025,QmSzPaoGZQhTJUbYuTFArEZkprjUVaG4CQi6niutrSiTzk,NG API,Y,Platform,https://i2.seadn.io/ethereum/0xd6be6a8f01bcf904d7054e58054a8e1b45b63da0/195ed47a7c8135e64c630fa6b3c478a9.png?w=350
Shuffle,Edition,40,6/7/21,NiftyGateway,Flicker Fusion,,https://niftygateway.com/marketplace/collection/0x91a856ccbefc10df1e1aa2f361b4bdbabd069762/4?filters[onSale]=true&sortBy=lowest,0xd6be6a8f01bcf904d7054e58054a8e1b45b63da0,ERC-721,54200040001,54200040035,QmSzPaoGZQhTJUbYuTFArEZkprjUVaG4CQi6niutrSiTzk,NG API,Y,Platform,https://i2.seadn.io/ethereum/0x91a856ccbefc10df1e1aa2f361b4bdbabd069762/b6c85bc90d7fd5b4fb503709279eea73.png?w=350
Break,Edition,40,6/7/21,NiftyGateway,Flicker Fusion,,https://niftygateway.com/marketplace/collection/0x91a856ccbefc10df1e1aa2f361b4bdbabd069762/2?filters[onSale]=true&sortBy=lowest,0x91a856ccbefc10df1e1aa2f361b4bdbabd069762,ERC-721,4,4,QmZCUNCDZbqDcuxCP1LPDyFPE8ZzCtYNNftPz1EWSWXfTT,NG API,Y,Platform,https://i2.seadn.io/ethereum/0x91a856ccbefc10df1e1aa2f361b4bdbabd069762/2ffbbf5a4c49a3acd58948607cfe42ab.png?w=350
Twirl,Edition,40,6/7/21,NiftyGateway,Flicker Fusion,,https://niftygateway.com/marketplace/collection/0x91a856ccbefc10df1e1aa2f361b4bdbabd069762/3?filters[onSale]=true&sortBy=lowest,0x91a856ccbefc10df1e1aa2f361b4bdbabd069762,ERC-721,2,2,QmUbE9BMoTYV1LgMNThFv3G9U45AdJNZGEsfYSd53LA7tM,NG API,Y,Platform,https://i2.seadn.io/ethereum/0x91a856ccbefc10df1e1aa2f361b4bdbabd069762/ecc69e840a7481acdeb3b5db0ab7c7c1.png?w=350
Step,Edition,40,6/7/21,NiftyGateway,Flicker Fusion,,https://niftygateway.com/marketplace/collection/0x91a856ccbefc10df1e1aa2f361b4bdbabd069762/1?filters[onSale]=true&sortBy=lowest,0x91a856ccbefc10df1e1aa2f361b4bdbabd069762,ERC-721,3,3,QmZcvrQbzSpAdQBc7ydSzEoZ2gs1kiwnQPYNt3A8TAZtan,NG API,Y,Platform,https://i2.seadn.io/ethereum/0x91a856ccbefc10df1e1aa2f361b4bdbabd069762/d909388ff7b9771f571accf052272bab.png?w=350
Insecurity Camera,Edition,50,6/8/21,Cryptovoxels Wearable,,Free Airdrop,https://opensea.io/assets/matic/0x5A494287D8AD3eaA628578BA9E6688C32f34952f/1,0x91a856ccbefc10df1e1aa2f361b4bdbabd069762,ERC-721,1,1,Hosted by Platform,,,Platform,https://i2.seadn.io/polygon/0x5a494287d8ad3eaa628578ba9e6688c32f34952f/73695fe8f8c7eb3b83b8b7e9d32eb7/9f73695fe8f8c7eb3b83b8b7e9d32eb7.webp?w=1000
Flicker Ape #4620,Unique,1,6/23/21,Foundation,,Commission,https://i2.seadn.io/ethereum/0x3b3ee1931dc30c1957379fac9aba94d1c48a5405/52407.mp4?frame-time=1&w=350,0x3B3ee1931Dc30C1957379FAc9aba94D1C48a5405,ERC-721,52407,52407,QmQPeNK1vnfagB6NfyqeGDnT3zYPUXnYtpjD7GmHGHJhvg,QmPCxhxqk9XKkynHXBZkYjC7VDHL8ZBwX3mwZFTNfvz8Kz,Y,IPFS,https://p199.p4.n0.cdn.zight.com/items/YEuYyBR1/999c9e1b-2587-4f6d-b99c-7a178db20237.jpeg
Craneon,Edition,20,7/7/21,NiftyGateway,,Ekaitza,https://niftygateway.com/marketplace/collection/0x9c071763bbadab338042a4ca8908c7ee2cdda976/24?filters[onSale]=true&sortBy=lowest,0x9c071763bbadab338042a4ca8908c7ee2cdda976,ERC-721,24,24,,NG API,,Platform,https://p199.p4.n0.cdn.zight.com/items/eDupPj4n/365e3bb7-6b13-4ed0-ad11-0392bd9706a6.jpeg?v=90e01fedc0dadb595a81d0e6012507d6
OneThirty,Unique,1,7/16/21,NiftyGateway,,CryptoCubes,https://niftygateway.com/marketplace/item/0x3f3df9790620adf2f39e5e5fec86dd3c0ba370b9/63700080001,0x3F3df9790620Adf2F39E5e5FEC86dD3C0Ba370b9,ERC-721,63700080001,63700080001,,NG API,,Platform,https://i2.seadn.io/ethereum/0x3f3df9790620adf2f39e5e5fec86dd3c0ba370b9/eddc21665c1a394ac326df58f9180cc8.png?w=350
Ramsay,Unique,1,8/3/21,Manifold,,Adamtastic,https://opensea.io/assets/ethereum/0xf6a2c8a4adf384acd7d3871488af84218a46a1c7/48,0xF6A2C8a4Adf384aCd7d3871488af84218A46a1c7,ERC-721,48,48,Arweave,,,Arweave,https://i2.seadn.io/ethereum/0xf6a2c8a4adf384acd7d3871488af84218a46a1c7/819f0ca027600916f519b73d981b935c.png?w=350
CryptoDickButts,,Various Traits,8/6/21,CryptoDickButts,,,https://opensea.io/collection/cryptodickbutts-s3,0x42069ABFE407C60cf4ae4112bEDEaD391dBa1cdB,ERC-721,756,,,,,IPFS,https://i2.seadn.io/ethereum/0x42069abfe407c60cf4ae4112bedead391dba1cdb/98fb4fdfa2bafec7067b0246de3b8b27.png?w=1000
Biorhythm,Unique,1,8/7/21,SuperRare,,,https://superrare.com/artwork-v2/biorhythm-26936,0xb932a70A57673d89f4acfFBE830E8ed7f75Fb9e0,ERC-721,26936,26936,QmVJvE7n1CuVJUoT3o2RxqHFBW24cLfxgGMhzMM9quJEwV,QmTaGKGfq9qmSLi6v7wLB1Pu6paQTFDnNjvPvxQHYudZM4,Y,IPFS,https://i2.seadn.io/ethereum/0xb932a70a57673d89f4acffbe830e8ed7f75fb9e0/44747b6290a6d7fff627ad89359363/7c44747b6290a6d7fff627ad89359363.gif?w=350
Worm x Brinkman,Edition,100,8/12/21,The Worm,,Free Airdrop,https://opensea.io/collection/the-worm-x-brinkman,0x30be5eddc57d03914e5d04cb78a12f5784544b1f,,"55,77","55,77",,,ONCHAIN,ONCHAIN,https://raw2.seadn.io/ethereum/0x30be5eddc57d03914e5d04cb78a12f5784544b1f/26e5ca6e8321dc0fb50d6555587b76b2.svg
MINDDS Collab #3,Edition,50,8/21/21,MINDDS,,Dario De Siena,https://opensea.io/item/ethereum/0x93284e029dd089b24b2801e75bca39931e078573/3,0x93284e029dd089b24b2801e75bCa39931E078573,ERC-1155,1,,QmcdcL9ijibPGpff9Q1YsgaAuDuSEcviJ7tF35DKyTqbJW,QmcYWn33fo4TuCmdeG9cSWDcDPiPpiMXsHijrPk926Bo7K,Y,IPFS,https://i2.seadn.io/ethereum/0x93284e029dd089b24b2801e75bca39931e078573/fbdcdf638817d76a0eacac0ad30fea/a9fbdcdf638817d76a0eacac0ad30fea.gif?w=1000
Clouds of the Metaverse,Unique,1,8/25/21,KnownOrigin,,"MLO, Kristy Glas, Danil Pan, Cano",https://opensea.io/item/ethereum/0xabb3738f04dc2ec20f4ae4462c3d069d02ae045b/823000,0xabb3738f04dc2ec20f4ae4462c3d069d02ae045b,,823000,,QmVaCHiE7BFzNSaLRMPVbhDCRDCUVnvzU5zdn4fgsSp4Um,QmUiMTsHCoKkpLfmtvNsNtgoronu7jb6FW7EG4myyzB6pf,Y,IPFS,https://i2.seadn.io/ethereum/0xabb3738f04dc2ec20f4ae4462c3d069d02ae045b/ab16f9f9e421fe90a61be65471330314.jpeg?w=1000
Catwalk,Unique,1,6/2/20,SuperRare,,,https://superrare.com/artwork-v2/catwalk-10642,0xb932a70A57673d89f4acfFBE830E8ed7f75Fb9e0,ERC-721,6/2,10642,QmQPeNK1vnfagB6NfyqeGDnT3zYPUXnYtpjD7GmHGHJhvg,QmPCxhxqk9XKkynHXBZkYjC7VDHL8ZBwX3mwZFTNfvz8Kz,Y,IPFS,https://i2.seadn.io/ethereum/0xb932a70a57673d89f4acffbe830e8ed7f75fb9e0/e74d3a4ecddc4c7ae3e7e3fd142d8a/88e74d3a4ecddc4c7ae3e7e3fd142d8a.gif?w=350
Synapse,Edition,10,10/14/21,NiftyGateway,,,https://niftygateway.com/marketplace/collection/0xe3389c4a4b676dccd19bc8c051fadcb1d07df4db/2?filters[onSale]=true&sortBy=lowest,0xe3389c4a4b676dccd19bc8c051fadcb1d07df4db,ERC-721,16200020001,16200020010,,NG API,,Platform,https://i2.seadn.io/ethereum/0xe3389c4a4b676dccd19bc8c051fadcb1d07df4db/ab4e9a1e10b921e3ff1faadd13da7bae.png?w=350
Drained,Edition,10,10/14/21,NiftyGateway,,,https://niftygateway.com/marketplace/collection/0xe3389c4a4b676dccd19bc8c051fadcb1d07df4db/1?filters[onSale]=true&sortBy=lowest,0xe3389C4a4B676dcCD19bC8C051FaDcb1D07df4db,ERC-721,16200010001,16200010010,,NG API,,Platform,https://i2.seadn.io/ethereum/0xe3389c4a4b676dccd19bc8c051fadcb1d07df4db/761e4392938c12e58fd306ab0e79f556.png?w=350
Bulb,Edition,10,10/14/21,NiftyGateway,,,https://niftygateway.com/marketplace/collection/0x1cef8c52f2350b2748e1b22f6444b8a7fcc3f656/2?filters[onSale]=true&sortBy=lowest,0x1CeF8c52f2350B2748E1B22F6444b8a7FCc3F656,ERC-721,16100020001,16100020010,,NG API,,Platform,https://i2.seadn.io/ethereum/0x1cef8c52f2350b2748e1b22f6444b8a7fcc3f656/86dead27c54e0254b57c814595996ce9.png?w=350
Drip,Edition,10,10/14/21,NiftyGateway,,,https://niftygateway.com/marketplace/collection/0x1cef8c52f2350b2748e1b22f6444b8a7fcc3f656/5?filters[onSale]=true&sortBy=lowest,0x1CeF8c52f2350B2748E1B22F6444b8a7FCc3F656,ERC-721,16100050001,16100050010,,NG API,,Platform,https://i2.seadn.io/ethereum/0x1cef8c52f2350b2748e1b22f6444b8a7fcc3f656/fc0e52dc2bb866feab3583b9ffe401a0.png?w=350
Optic,Edition,10,10/14/21,NiftyGateway,,,https://niftygateway.com/marketplace/collection/0x1cef8c52f2350b2748e1b22f6444b8a7fcc3f656/3?filters[onSale]=true&sortBy=lowest,0x1CeF8c52f2350B2748E1B22F6444b8a7FCc3F656,ERC-721,16100030001,16100030010,,NG API,,Platform,https://i2.seadn.io/ethereum/0x1cef8c52f2350b2748e1b22f6444b8a7fcc3f656/2eb6153b6303ec800e733c4268328a3b.png?w=350
Buds,Edition,10,10/14/21,NiftyGateway,,,https://niftygateway.com/marketplace/collection/0x1cef8c52f2350b2748e1b22f6444b8a7fcc3f656/1?filters[onSale]=true&sortBy=lowest,0x1CeF8c52f2350B2748E1B22F6444b8a7FCc3F656,ERC-721,16100010001,16100010010,,NG API,,Platform,https://i2.seadn.io/ethereum/0x1cef8c52f2350b2748e1b22f6444b8a7fcc3f656/3174381ca7fd4d50487c8ad2808c9d98.png?w=350
Buzzed,Edition,10,10/14/21,NiftyGateway,,,https://niftygateway.com/marketplace/collection/0x1cef8c52f2350b2748e1b22f6444b8a7fcc3f656/4?filters[onSale]=true&sortBy=lowest,0x1CeF8c52f2350B2748E1B22F6444b8a7FCc3F656,ERC-721,16100040001,16100040010,,NG API,,Platform,https://i2.seadn.io/ethereum/0x1cef8c52f2350b2748e1b22f6444b8a7fcc3f656/00173bdf77a2e9372d3f28bd8eefc8b0.png?w=350
Drinkman,Edition,50,10/14/21,Cryptovoxels Wearable,,Free Airdrop,https://opensea.io/assets/matic/0x5A494287D8AD3eaA628578BA9E6688C32f34952f/2,0x5A494287D8AD3eaA628578BA9E6688C32f34952f,ERC-1155,2,,Hosted by Platform,,,Platform,https://i2.seadn.io/polygon/0x5a494287d8ad3eaa628578ba9e6688c32f34952f/14ab08c6e601079d64ac33dcdeecc6/b814ab08c6e601079d64ac33dcdeecc6.webp?w=1000
Gremlins,Edition,72,10/19/21,Custom,,Commission,https://opensea.io/collection/gremlins-x-brinkman-airdrop,0x48B01BF21c2b264df0Ee8Fb9b3B5D5A77885A0e7,ERC-721,1,75,QmRP8j91PLckQcEp58boR4cDdPoEfVvqJRMJKdmpkALFLY,QmSVbXTpa9yexPCdNfsqCT579Ae2NgzExTwgaCkxAFJ5UM,Y,IPFS,https://i2.seadn.io/ethereum/0x48b01bf21c2b264df0ee8fb9b3b5d5a77885a0e7/3d518e0ebc0a8d2a666fca5386b4000e.gif?w=350
Wilt,Unique,1,10/20/21,SuperRare,,Roses,https://superrare.com/artwork-v2/wilt-(129-150)-28643,0xb932a70A57673d89f4acfFBE830E8ed7f75Fb9e0,ERC-721,28643,28643,QmQoxXV78PPmMFzjRRzLhDALweR51RtH2X3Ktt6Na69MVW,QmPSsg7iePkbua9T2G2NSQo8jkyxx2DVarpVW8WC6iuKn7,Y,IPFS,https://i2.seadn.io/ethereum/0xb932a70a57673d89f4acffbe830e8ed7f75fb9e0/a666141bbba9fbafb56acb29b2ef21/93a666141bbba9fbafb56acb29b2ef21.gif?w=350
Collab,Edition,5,10/27/21,KnownOrigin,,Panter Xhita,https://opensea.io/assets/ethereum/0xABB3738f04Dc2Ec20f4AE4462c3d069d02AE045B/3659000,,,,,QmVm8Z2YP62ueUjpcvkyFFSD1w9x4ZyA7mUAze1ZCFE45D,QmSAsm4yc6fGJz6QmU3BA3jaV7uY4aeSpEFuCbpbuqrgYn,Y,IPFS,https://i2.seadn.io/ethereum/0xabb3738f04dc2ec20f4ae4462c3d069d02ae045b/a1eb76fa21673e3066166141f89baa3b.jpeg?w=1000
Expl0de.io,Unique,1,11/8/21,SuperRare,,,https://superrare.com/artwork-v2/%E2%89%A1xpl0de.io-30188,0xb932a70A57673d89f4acfFBE830E8ed7f75Fb9e0,ERC-721,30188,30188,QmSRP1WZTa5TzRV8P7seYgDDHBDi293WeFHtoQbTDvt7VA,QmdqEY8vP5iNk8kay13UxuqnSJgKYJv9F9pNxGeqawZ5Db,Y,IPFS,https://p199.p4.n0.cdn.zight.com/items/NQum1wmn/feb8a39c-7949-4b7d-b261-0225d9a48b2b.jpeg?v=ca4d60ddd80edc2d70a2ab479266202f
Dis/connected,Unique,1,11/28/21,SuperRare,,,https://superrare.com/artwork-v2/dis-connected-30723,0xb932a70A57673d89f4acfFBE830E8ed7f75Fb9e0,ERC-721,30723,30723,QmSnhr9E2rZZBEg9jGqcvHJyR5VFFA2EqkA9KH5Vc4ocsi,QmWZLuss3aZ6EkdNgCBKLhhvcpVjGHqTn67wnjCWDE4HLd,Y,IPFS,https://i2.seadn.io/ethereum/0xb932a70a57673d89f4acffbe830e8ed7f75fb9e0/a034105097051cf4f2b2a21309252c/d6a034105097051cf4f2b2a21309252c.gif?w=350
Numismatist,Edition,3,11/28/21,$WHALE Store,,,https://opensea.io/assets/0xf6c71e1e72254051f2e26270c16a84fbd1dbfafd/93,0xF6C71e1e72254051F2e26270C16A84Fbd1dBFAfD,ERC-721,92,94,QmaVyN9DcBHhqXwzGvSvSrNgW1pTRVSwwC7hELz63EL1E4,,Y,IPFS,https://i2.seadn.io/ethereum/0xf6c71e1e72254051f2e26270c16a84fbd1dbfafd/e1920766d3acdc1cdb8b06626c504a/d7e1920766d3acdc1cdb8b06626c504a.png?w=350
Deconstruct,Unique,1,12/10/21,Manifold,,Donation,https://opensea.io/assets/0x9494fa95d7987718da9ecef224f8520f5fa20fe3/1,0x9494Fa95d7987718da9ecef224f8520F5fA20Fe3,ERC-721,1,1,Arweave,,,Arweave,https://i2.seadn.io/ethereum/0x9494fa95d7987718da9ecef224f8520f5fa20fe3/60118f8d9bf4d43e4174b390a38ccc/4b60118f8d9bf4d43e4174b390a38ccc.gif?w=350
Run.rar,Unique,1,12/20/21,Nifty Royale,,,https://opensea.io/collection/nifty-royale-x-brian-brinkman-run-exe,,,,,QmUj9gv845pKmAhRAPHftUBhxSe7u1ZAde6cAh9Tsom6q8,Qme6uygEgzzGvDJDBSBsVvAkjvWUqYaodc1zV5QiwyKVft,Y,IPFS,https://i2.seadn.io/ethereum/0x8e47827310dc90b0a05639901221dfcf535f5205/fe1356d31e6f2ebed43fd6beca80dcfa.mp4?frame-time=1&w=350
Run.exe,Edition,29,12/20/21,Nifty Royale,,,https://opensea.io/collection/nifty-royale-x-brian-brinkman-run-exe,,,,,QmbWzAjp74SmUWQeiLK83EVGuPjTVtatiAwkAcWzpZCLVG,QmQKiWMDj2qsAck6jwZwBMNZVeoFAnrxdsHmUcKZFH5qNb,Y,IPFS,https://i2.seadn.io/ethereum/0x8e47827310dc90b0a05639901221dfcf535f5205/7ec09eeb7510574afbd8f53e277f3495.mp4?frame-time=1&w=350
SPRTBSL 2021,Edition,129,12/28/21,Polygon,,Free Airdrop/Commission,https://opensea.io/assets/matic/0x8cfa34a6cca887e0514013157d812f36e16199c6/0,0x8CfA34a6cCa887e0514013157d812f36E16199C6,ERC-1155,0,,,QmbWXN2T9r8tWT4gazD1cRX96X2z9xpe7bXFPLPWQEVBpg,,IPFS,https://i2.seadn.io/polygon/0x8cfa34a6cca887e0514013157d812f36e16199c6/8b2b32400ed350cfe0674383d1a52a/128b2b32400ed350cfe0674383d1a52a.png?w=350
Mow & Grow,Edition,50,1/12/22,NiftyGateway,,Gemini,https://niftygateway.com/marketplace/collection/0xcf7ab456af8fa6c1baa9a520b9d65b7b91699a94/1?filters[onSale]=true&sortBy=lowest,0xcf7AB456af8Fa6C1baa9a520B9d65B7B91699A94,ERC-721,36700010001,36700010050,,NG API,,Platform,https://i2.seadn.io/ethereum/0xcf7ab456af8fa6c1baa9a520b9d65b7b91699a94/9036bd309f89eca4c8240e61071341fa.png?w=350
Scroll,Unique,1,2/2/22,SuperRare,,,https://superrare.com/artwork-v2/scroll-32197,0xb932a70A57673d89f4acfFBE830E8ed7f75Fb9e0,ERC-721,32197,32197,QmX96oTzkfpnxSyJAZx3GBFwWD4xUwrJxcss6qY2h564rG,QmZjaMGUNsYdw4EnC1qV6xhk11bH2Mqfc4bfMgHyBqAsY7,Y,IPFS,https://i2.seadn.io/ethereum/0xb932a70a57673d89f4acffbe830e8ed7f75fb9e0/9565b7357cbd91f65e2b73b5e5904a/509565b7357cbd91f65e2b73b5e5904a.gif?w=350
Self,Edition,4,3/11/22,NiftyGateway,,,https://niftygateway.com/marketplace/collection/0x8a6c78d589dfaf346025a8da60fe9fff23b89bbc/1,0x8A6C78d589dFaf346025a8DA60fE9FFf23B89BbC,ERC-721,1,1,,NG API,,Platform,https://i2.seadn.io/ethereum/0x8a6c78d589dfaf346025a8da60fe9fff23b89bbc/4c6c1d30505fd2efc4694ea5ffd3d0e0.png?w=350
Ear,Edition,15,3/11/22,NiftyGateway,,,https://niftygateway.com/marketplace/collection/0x30d3643ec4ca573715a754aebb14ad1f94ec56c1/2?filters[onSale]=true&sortBy=lowest,0x30d3643Ec4ca573715A754AeBb14ad1F94ec56C1,ERC-721,125000200001,125000200015,,NG API,,Platform,https://i2.seadn.io/ethereum/0x30d3643ec4ca573715a754aebb14ad1f94ec56c1/0ca43000495af3c7a110feecbd137da4.png?w=350
Heart,Edition,15,3/11/22,NiftyGateway,,,https://niftygateway.com/marketplace/collection/0x30d3643ec4ca573715a754aebb14ad1f94ec56c1/1?filters[onSale]=true&sortBy=lowest,0x30d3643Ec4ca573715A754AeBb14ad1F94ec56C1,ERC-721,125000100001,125000100015,,NG API,,Platform,https://i2.seadn.io/ethereum/0x30d3643ec4ca573715a754aebb14ad1f94ec56c1/960dbea2250fcaca2e816be9724c5d29.png?w=350
Eye,Edition,15,3/11/22,NiftyGateway,,,https://niftygateway.com/marketplace/collection/0x30d3643ec4ca573715a754aebb14ad1f94ec56c1/5?filters[onSale]=true&sortBy=lowest,0x30d3643Ec4ca573715A754AeBb14ad1F94ec56C1,ERC-721,125000500001,125000500015,,NG API,,Platform,https://i2.seadn.io/ethereum/0x30d3643ec4ca573715a754aebb14ad1f94ec56c1/780da48e9368b6b64280a241d6dd2472.png?w=350
Hand,Edition,15,3/11/22,NiftyGateway,,,https://niftygateway.com/marketplace/collection/0x30d3643ec4ca573715a754aebb14ad1f94ec56c1/3?filters[onSale]=true&sortBy=lowest,0x30d3643Ec4ca573715A754AeBb14ad1F94ec56C1,ERC-721,125000300001,125000300015,,NG API,,Platform,https://i2.seadn.io/ethereum/0x30d3643ec4ca573715a754aebb14ad1f94ec56c1/f338ca0221cd0b6c0e04d514f6f98850.png?w=350
Head,Edition,15,3/11/22,NiftyGateway,,,https://niftygateway.com/marketplace/collection/0x30d3643ec4ca573715a754aebb14ad1f94ec56c1/4?filters[onSale]=true&sortBy=lowest,0x30d3643Ec4ca573715A754AeBb14ad1F94ec56C1,ERC-721,125000400001,125000400015,,NG API,,Platform,https://i2.seadn.io/ethereum/0x30d3643ec4ca573715a754aebb14ad1f94ec56c1/386810aeca00ac830f1c6346bef378b3.png?w=350
The legend will live on,Unique,1,3/29/22,Manifold,,43 Artists for Alotta Money,https://makersplace.com/horus/the-legend-will-live-on-1-of-1-343865/,,,,,Arweave,,,Arweave,https://media.mkpcdn.com/prod/1000x/52670b6d5fe53fa75eab7c8c0b9c0789_918377.jpg
Alotta,Unique,1,4/5/22,Manifold,,Alotta Charity,https://opensea.io/assets/ethereum/0x9494fa95d7987718da9ecef224f8520f5fa20fe3/3,0x9494Fa95d7987718da9ecef224f8520F5fA20Fe3,ERC-721,3,3,Arweave,,,Arweave,https://i2.seadn.io/ethereum/0x9494fa95d7987718da9ecef224f8520f5fa20fe3/3aebae0f6b8ffba5f9a0f80b12214b/b13aebae0f6b8ffba5f9a0f80b12214b.gif?w=350
Jeff Davis,Unique,1,4/12/22,Manifold,,Commission,https://opensea.io/item/ethereum/0x9494fa95d7987718da9ecef224f8520f5fa20fe3/4,0x9494Fa95d7987718da9ecef224f8520F5fA20Fe3,ERC-721,4,4,Arweave,,,Arweave,https://i2.seadn.io/ethereum/0x9494fa95d7987718da9ecef224f8520f5fa20fe3/847f9f5283240e8499552e60fb0e59/44847f9f5283240e8499552e60fb0e59.jpeg?w=1000
Strung,Unique,1,5/5/22,Artifex,,,https://artifex.art/waves/concept/strung/strung,0x2D820AfB710681580A55cA8077B57FBa6dD9Fd72,,6200010001,6200010001,,,,IPFS,https://i2.seadn.io/ethereum/0x2d820afb710681580a55ca8077b57fba6dd9fd72/1ab377ef6bbd9ea5952853f125a4bc52.mp4?frame-time=1&w=350
Strung Sculpture,Edition,100,5/5/22,Artifex,,DurkAtWork,https://opensea.io/assets/artifex?search[stringTraits][0][name]=Artist&search[stringTraits][0][values][0]=Bryan%20Brinkman&search[sortAscending]=true&search[sortBy]=PRICE,,,,,,QmWXhhsJRNnp8oPkpdZcnwAREeWg5Bq6mvvcf9GJZCgfZJ,,IPFS,https://i2.seadn.io/ethereum/0x2d820afb710681580a55ca8077b57fba6dd9fd72/67617305c6ef5758f3638b9972214ce2.png?w=350
Venice,Edition,15,5/13/22,NiftyGateway,,VeniceFamilyClinic Charity Auction,https://niftygateway.com/marketplace/collection/0x0e1c5f0237f7737251e1aec9ada22086345f5691/2?filters[onSale]=true&sortBy=lowest,0x0e1C5F0237f7737251E1aEC9ada22086345F5691,ERC-721,11,25,,NG API,,Platform,https://i2.seadn.io/ethereum/0x0e1c5f0237f7737251e1aec9ada22086345f5691/af796b16967d390b2ae12f573b1ce66f.png?w=350
Changing My Laces,Edition,20,5/25/22,Manifold,,Matt Szczur,https://opensea.io/collection/superszcz4-v2,0xa53A21d13b7Caab9A8C3de290332749112002c5A,ERC-721,3,22,Arweave,,,Arweave,https://i2.seadn.io/ethereum/0xa53a21d13b7caab9a8c3de290332749112002c5a/6e4c50dfa94118532fbf787f91c27a19.png?w=350
Tangled,Unique,1,6/1/22,SuperRare,,,https://superrare.com/artwork-v2/tangled-35080,0xb932a70A57673d89f4acfFBE830E8ed7f75Fb9e0,ERC-721,35080,35080,QmYiJgkr9Tgrxd1SD2R5HTgUrTutzkPuoPCjJRrT6SR2uN,QmZ33TjywrnVZuWrKLY6jNF5xzPzLX78uURabrxD8xvZbj,Y,IPFS,https://i2.seadn.io/ethereum/0xb932a70a57673d89f4acffbe830e8ed7f75fb9e0/e8665d7068e9d9f2056c1d9221c1a6/33e8665d7068e9d9f2056c1d9221c1a6.gif?w=350
Bear,Edition,79,6/15/22,NiftyGateway,,,https://niftygateway.com/marketplace/collection/0x7c760e0f46de200471a6724442b76524bc01f3b8/1?filters[onSale]=true&sortBy=lowest,0x7C760E0f46DE200471a6724442b76524BC01F3b8,ERC-721,1,79,,NG API,,Platform,https://i2.seadn.io/ethereum/0x7c760e0f46de200471a6724442b76524bc01f3b8/0e4fb162ccc848b45edbc498e11ecb69.png?w=350
Bryan Brinkman x NFTSEA 2022,Unique,1,6/17/22,BlockParty,,NFTSEA,https://opensea.io/assets/ethereum/0xc84b7bded2ee4595e8aff98bec2d650c97305be1/14,0xc84b7bded2Ee4595E8aFF98bEc2d650c97305bE1,ERC-721,14,14,Arweave,,,Arweave,https://i2.seadn.io/ethereum/0xc84b7bded2ee4595e8aff98bec2d650c97305be1/7848ae349bdd4d8da2913109242a08/e87848ae349bdd4d8da2913109242a08.jpeg?w=1000
Pindar Van Arman,Unique,1,7/24/22,Manifold,,Trade,https://opensea.io/assets/ethereum/0x9494fa95d7987718da9ecef224f8520f5fa20fe3/5,0x9494Fa95d7987718da9ecef224f8520F5fA20Fe3,ERC-721,5,5,Arweave,,,Arweave,https://i2.seadn.io/ethereum/0x9494fa95d7987718da9ecef224f8520f5fa20fe3/6a308d627eeacb95b7e17be13b2491/0b6a308d627eeacb95b7e17be13b2491.jpeg?w=1000
Traffic Jams,Series,16,7/29/22,Transient Labs,,Collab with Rich Caldwell,https://opensea.io/collection/trafficjams,0x864971035a694F25b9fB54AaB8d5b31CE2C5D68d,ERC-721,1,16,Arweave,,,Arweave,https://i2.seadn.io/ethereum/0x864971035a694f25b9fb54aab8d5b31ce2c5d68d/f3812e0fc5350654f13797ae377b1893.jpeg?w=350
Grumpls,Generative,160,7/30/22,Illuminati,,Goblintown Collab,https://opensea.io/collection/grumpls?search[stringTraits][0][name]=Generative%20Artist&search[stringTraits][0][values][0]=Bryan%20Brinkman&search[sortAscending]=true&search[sortBy]=UNIT_PRICE,0x279c53dF917579bB454B61555982Dac1750187d9,ERC-721,,,,,,IPFS,https://i2.seadn.io/ethereum/0x279c53df917579bb454b61555982dac1750187d9/c6060978662c12246bb173f5476c4d/8ac6060978662c12246bb173f5476c4d.png?w=350
8liens #2677,Unique,1,8/10/22,8liens,,Collab 1/1,https://opensea.io/assets/ethereum/0x740c178e10662bbb050bde257bfa318defe3cabc/2677,0x740c178e10662bBb050BDE257bFA318dEfE3cabC,ERC-721,2677,2677,Hosted by Platform,,,Platform,https://i2.seadn.io/ethereum/0x740c178e10662bbb050bde257bfa318defe3cabc/7dcc553673d67395659d03f3bec071/e57dcc553673d67395659d03f3bec071.jpeg?w=1000
Swing (Day),Edition,30,9/15/22,NiftyGateway,,,https://www.niftygateway.com/marketplace/collection/0xa78ddc20e889c89910833d497bcbf1834cf32d08/1?filters[onSale]=true&sortBy=lowest,0xa78ddC20e889C89910833d497bcbf1834CF32d08,ERC-721,1,30,,NG API,,Platform,https://i2.seadn.io/ethereum/0xa78ddc20e889c89910833d497bcbf1834cf32d08/87cb700957b2784504c234a1dfad58ba.png?w=350
Swing (Night),Edition,30,9/15/22,NiftyGateway,,,https://www.niftygateway.com/marketplace/collection/0xa78ddc20e889c89910833d497bcbf1834cf32d08/2?filters[onSale]=true&sortBy=lowest,0xa78ddC20e889C89910833d497bcbf1834CF32d08,ERC-721,31,60,,NG API,,Platform,https://i2.seadn.io/ethereum/0xa78ddc20e889c89910833d497bcbf1834cf32d08/7ac094a134ec17f40994cba84caa217b.png?w=350
Floor Sweep,Edition,15,9/15/22,NiftyGateway,,,https://www.niftygateway.com/marketplace/collection/0xa78ddc20e889c89910833d497bcbf1834cf32d08/3?filters[onSale]=true&sortBy=lowest,0xa78ddC20e889C89910833d497bcbf1834CF32d08,ERC-721,61,75,,NG API,,Platform,https://i2.seadn.io/ethereum/0xa78ddc20e889c89910833d497bcbf1834cf32d08/92f7d750075fdbc87a1313fc7f3d02ae.png?w=350
Swing (Dynamic),Edition,6,9/15/22,NiftyGateway,,,https://opensea.io/collection/swing-day-night-collector-reward,0x53D18d1e981B92795393D5c415FF2756AAAFA856,ERC-721,1,6,,NG API,,Platform,https://i2.seadn.io/ethereum/0x53d18d1e981b92795393d5c415ff2756aaafa856/e0e118ae10e8d2c77a4f52720f8eb8ec.jpeg?w=350
FlyWheel,Edition,15,9/15/22,NiftyGateway,,,https://www.niftygateway.com/marketplace/collection/0xa78ddc20e889c89910833d497bcbf1834cf32d08/4?filters[onSale]=true&sortBy=lowest,0xa78ddC20e889C89910833d497bcbf1834CF32d08,ERC-721,76,90,,NG API,,Platform,https://i2.seadn.io/ethereum/0xa78ddc20e889c89910833d497bcbf1834cf32d08/f99408859e0aa0512f38dc73b4a36d9b.png?w=350
FLICKERPEPE,Edition,100,10/13/22,Counterparty,,FakeRarePepes,https://pepe.wtf/asset/FLICKERPEPE,,,,,Bitcoin,,,Bitcoin,https://i2.seadn.io/ethereum/0x4c03bcad293fb0562d26faa7d90a0cb3ea74c919/af4b5827b19980077b529d0c011d39/b4af4b5827b19980077b529d0c011d39.gif?w=350
Decal,Generative,100,10/21/22,Deca,,Free Drop to Deca Users,https://opensea.io/collection/decal-by-bryan-brinkman,0xDB71bfF021cd2Bb1ba5e19c4C0A28E2ff9FFc705,ERC-721,0,99,Hosted by Platform,,,Platform,https://i2.seadn.io/ethereum/0xdb71bff021cd2bb1ba5e19c4c0a28e2ff9ffc705/88e4a1d952d87bab58f114772fb51326.png?w=350
Light Clouds,Unique,1,11/6/22,Ensemble,,,https://opensea.io/assets/ethereum/0x57ac8098b4194d57e6432fba1cff3d5214e2aec3/1,0x57Ac8098b4194d57E6432fBa1CfF3d5214E2AEc3,ERC-721,1,1,Arweave,,,Arweave,https://i2.seadn.io/ethereum/0x57ac8098b4194d57e6432fba1cff3d5214e2aec3/2e14a7f4c1dab85869e3ba3674396a90.png?w=1000
NimBox,Unique,1,11/6/22,Ensemble,,,https://opensea.io/assets/ethereum/0x57ac8098b4194d57e6432fba1cff3d5214e2aec3/2,0x57Ac8098b4194d57E6432fBa1CfF3d5214E2AEc3,ERC-721,2,2,Arweave,,,Arweave,https://i2.seadn.io/ethereum/0x57ac8098b4194d57e6432fba1cff3d5214e2aec3/4aa1c8b113e9b5a2501cbf793f2fa850.jpeg?w=1000
CTRL Panel,Unique,1,11/6/22,Ensemble,,,https://opensea.io/assets/ethereum/0x57ac8098b4194d57e6432fba1cff3d5214e2aec3/3,0x57Ac8098b4194d57E6432fBa1CfF3d5214E2AEc3,ERC-721,3,3,Arweave,,,Arweave,https://i2.seadn.io/ethereum/0x57ac8098b4194d57e6432fba1cff3d5214e2aec3/a8c8376f337bff5de249a85b29f48ad2.jpeg?w=1000
Ice Cream Deconstructed,Unique,1,11/6/22,Ensemble,,,https://opensea.io/assets/ethereum/0x57ac8098b4194d57e6432fba1cff3d5214e2aec3/4,0x57Ac8098b4194d57E6432fBa1CfF3d5214E2AEc3,ERC-721,4,4,Arweave,,,Arweave,https://i2.seadn.io/ethereum/0x57ac8098b4194d57e6432fba1cff3d5214e2aec3/dc4c039de1180251423fb47091f3e9b3.jpeg?w=1000
Floral,Unique,1,11/6/22,Ensemble,,,https://opensea.io/assets/ethereum/0x57ac8098b4194d57e6432fba1cff3d5214e2aec3/5,0x57Ac8098b4194d57E6432fBa1CfF3d5214E2AEc3,ERC-721,5,5,Arweave,,,Arweave,https://i2.seadn.io/ethereum/0x57ac8098b4194d57e6432fba1cff3d5214e2aec3/9e574693b40ec079d400b96336f0cc31.jpeg?w=1000
Free Transform,Unique,1,11/17/22,Moonpay/Manifold,,Charity Drop for Jumpstart Designers,https://opensea.io/assets/ethereum/0x9494fa95d7987718da9ecef224f8520f5fa20fe3/6,0xd9964a04e7CbA56ce823d68795F916ec29922CBa,ERC-721,2,2,Arweave,,,Arweave,https://i2.seadn.io/ethereum/0x9494fa95d7987718da9ecef224f8520f5fa20fe3/f724921f653f9e124c1132b1cbf324/a4f724921f653f9e124c1132b1cbf324.jpeg?w=350
Time to Be Happy | Bryan Brinkman,Unique,1,12/1/22,Scope/Niftygateway,,NFT/Physical Pair,https://opensea.io/item/ethereum/0xa86337b3fc1025f7cfbac3199e306bdb4d0c8b2c/6,,,,,QmSzyjzkFWLXj29V7Pz8KJNHHyTaDdtHdz8QVF9bof3Dyn,NG API,,Platform,https://i2.seadn.io/ethereum/0xa86337b3fc1025f7cfbac3199e306bdb4d0c8b2c/69d405e9b51fbdb6ead678422a931b0a.png?w=350
Palm,Unique,1,12/1/22,Metamask,,Metamask Potluck Swap,https://opensea.io/assets/ethereum/0x5aac326792211069e7ec46632e4b89e2bb104760/6,0x5aaC326792211069E7EC46632e4B89E2BB104760,ERC-721,6,6,Arweave,,,Arweave,https://i2.seadn.io/ethereum/0x5aac326792211069e7ec46632e4b89e2bb104760/bc38286231e602c1dc1161eb42952f/0abc38286231e602c1dc1161eb42952f.jpeg?w=1000
Crocodile of Wall Street,Unique,1,12/5/22,Coinbase/Coindesk,,,https://opensea.io/assets/ethereum/0xac46c1059b80237198e29d71339853649255e4a0/9,,,,,QmVsAaa7a8d2NUw1TqRZkRv1Jwg9jyCXihUT3BzEht7Tjo,QmSn61VG7YPBSkF1oEWvrwSLrYHhBKr5nBCWGeV3gv4P7K,Y,IPFS,https://i2.seadn.io/ethereum/0xac46c1059b80237198e29d71339853649255e4a0/22d2a5ddb6c969f92ea0ad0593d56cf4.jpeg?w=1000
Awaken Your Inner Child,Edition,20,12/6/22,ChangeDAO,,Upbring Charity Drop,https://opensea.io/collection/awaken-your-inner-child?search[stringTraits][0][name]=Twitter%20Handle&search[stringTraits][0][values][0]=%40bryanbrinkman&search[sortAscending]=true&search[sortBy]=UNIT_PRICE,0x3bD07e536893dB78392141714F2a810c9C997e1D,ERC-721,1,20,bafybeigm2slv7dkrs5iaozo2nqi5q7sennva3qpslifhwnm7nzwakzdemq,bafybeicufrljva27f2zrvy6ixvmprjunulceqrtwwrqtutqs7yqvq2kroy,Y,IPFS,https://i2.seadn.io/ethereum/0x3bd07e536893db78392141714f2a810c9c997e1d/6e5a20171a6e1507c49ff47332c1c487.png?w=1000
NimTeens,Generative,400,1/13/23,ArtBlocks,,,https://opensea.io/collection/nimteens-by-bryan-brinkman,0x99a9B7c1116f9ceEB1652de04d5969CcE509B069,ERC-721,408000000,408000399,,,ONCHAIN,ONCHAIN,https://i2.seadn.io/ethereum/0x99a9b7c1116f9ceeb1652de04d5969cce509b069/4c7c1a79c88fbb2722071fed8bd711/fc4c7c1a79c88fbb2722071fed8bd711.png?w=350
BrinkMignon or the Happiness Squared,Unique,1,1/16/23,KnownOrigin,,Lapin mignon,https://opensea.io/assets/ethereum/0xABB3738f04Dc2Ec20f4AE4462c3d069d02AE045B/28712000,,ERC-721,,,QmexdpJVaJ8pfez2dwgs9JyZzfp67XWVjcLoBYdEmEcUA1,,,IPFS,https://i2.seadn.io/ethereum/0xabb3738f04dc2ec20f4ae4462c3d069d02ae045b/48c2181c6ea82a29d1d083478cde7f43.gif?w=1000
Cloud Poppers,Generative,100,2/16/23,Levels.art,,,https://opensea.io/collection/cloud-poppers-by-bryan-brinkman,0x53402bF3280E34ECD12dd25ed2f0a611E4Faf313,ERC-721,0,99,,,ONCHAIN,ONCHAIN,https://i2.seadn.io/ethereum/0x53402bf3280e34ecd12dd25ed2f0a611e4faf313/1ffb126fd6f7d51d18598d29dd79cc65.jpeg?w=350
The Universe Within,Edition,100,2/26/23,Aku Dreams,,AKU,https://opensea.io/assets/ethereum/0x2992362e9672bd3b75fc9cd46b167f3da53eba40/4,0x2992362e9672Bd3B75fc9CD46B167F3Da53eba40,ERC-1155,4,,Arweave,,,Arweave,https://i2.seadn.io/ethereum/0x2992362e9672bd3b75fc9cd46b167f3da53eba40/d37edeb98d2429ccc57c9f8552b9af/f6d37edeb98d2429ccc57c9f8552b9af.png?w=350
SuperPuma,Unique,1,2/28/23,Super Puma,,Super Puma,https://opensea.io/assets/ethereum/0x283c0bba69ebd4643cfce761b34b0206e75b2091/8616,0x283c0BbA69EbD4643cfCe761B34b0206E75b2091,ERC-721,8616,8616,Hosted by Platform,Moonpay/Hypermint,,Platform,https://i2.seadn.io/ethereum/0x283c0bba69ebd4643cfce761b34b0206e75b2091/e13628c5d266c210d628168b70e60165.png?w=1000
Blossom,Generative,300,2/29/23,NiftyGateway,,Morrow/UAE Bundle,https://opensea.io/collection/blossom-by-bryan-brinkman,0x6ed986f5e13f62d68e72593f2f07c3531bab35c6,,,,.,NG API,,Platform,https://i2.seadn.io/ethereum/0x6ed986f5e13f62d68e72593f2f07c3531bab35c6/a53a3047453aa4e83ff1dc209fb88df5.png?w=350
Float On,Edition,150,3/14/23,Noble Card,,,https://opensea.io/assets/ethereum/0x7e9b9ba1a3b4873279857056279cef6a4fcdf340/42,0x7e9b9bA1A3B4873279857056279Cef6A4FCDf340,ERC-1155,42,,Arweave,,,Arweave,https://i2.seadn.io/ethereum/0x7e9b9ba1a3b4873279857056279cef6a4fcdf340/6e6799ee9cde10736f0897d5c350caea.gif?w=350
Automatonomy,Edition,1,3/15/23,Sothebys,,Brinkman Reserve Mint,https://www.sothebys.com/en/buy/auction/2023/natively-digital-oddly-satisfying/automatonomy,0x9494Fa95d7987718da9ecef224f8520F5fA20Fe3,ERC-721,7,7,Arweave,,,Arweave,https://i2.seadn.io/ethereum/0x9494fa95d7987718da9ecef224f8520f5fa20fe3/be789f02a6917c0bc5d7bb1d6acb91/82be789f02a6917c0bc5d7bb1d6acb91.jpeg?w=350
Muga X Brinkman,Edition,99,6/6/23,NiftyGateway,,,https://www.niftygateway.com/marketplace/collection/0x9fed0b32e805184ce10afa7a7dd4efc3d0d22873/1?page=1,0x9Fed0b32E805184Ce10afa7A7dD4EFC3D0d22873,ERC-721,1,99,.,NG API,,Platform,https://i2.seadn.io/ethereum/0x9fed0b32e805184ce10afa7a7dd4efc3d0d22873/830ece2f244d34cad433cb7974c316d2.png?w=350
Notified,Edition,50,6/8/23,Dew Drops,,,https://opensea.io/collection/notified-by-bryan-brinkman-on-dew-drops,0x8029cc0727b84C4a5906B44B3f069C3eFd5dEe12,ERC-721,1,50,bafybeidwnkuwiaf44if7vtju5dmsvcnxqtdmdxpmfeqccomrequt4f64h4,bafybeiauqrgp6yfxzksmayf7nvriqq4mglyeozpjmzi4n2o5de2kvjkuam,Y,,https://i2.seadn.io/ethereum/0x8029cc0727b84c4a5906b44b3f069c3efd5dee12/4c408cb6000fc7d741f369e0e89ff3ac.mov?frame-time=1&w=350
Ripples,Edition,1,6/19/23,Drip Drop StormDrain,,Krugman / Transient,https://opensea.io/assets/ethereum/0xe0fc5edb5a264eed0c861a5b1652c11b8f2aa6ac/1,0xe0Fc5edB5A264Eed0C861a5b1652C11B8F2Aa6aC,ERC-721,1,1,Arweave,,,Arweave,https://i2.seadn.io/ethereum/0xe0fc5edb5a264eed0c861a5b1652c11b8f2aa6ac/b0be65536013f428d674a08a20939dc9.gif?w=350
Dead Man Walking,Edition,10,7/12/23,Unit London,,,https://opensea.io/collection/stored-memories,0x276Dc6BB7118353496b04BB4a16bcA1763B6FbdA,ERC-1155,1,,bafybeigagrcnf326fz27kkt5swinntzpceyaiz6bnp2chrscynpf542gbm,bafyreibxpryitdhi56l5nqqpcbizyhvupw3jmpioruutqhufirathvobka,Y,IPFS,https://i2.seadn.io/ethereum/0x276dc6bb7118353496b04bb4a16bca1763b6fbda/6a95d39bb61f9c1229a1769ae78572ce.jpeg?w=350
De-Fragmented,Edition,25,7/12/23,Unit London,,,https://opensea.io/collection/stored-memories,0x276Dc6BB7118353496b04BB4a16bcA1763B6FbdA,ERC-1155,2,,bafybeifyvrqpxr3z3scfb6b4cuxzkk6lrawmait3gomcgm66lfg4rlvmgu,bafyreidug4a4fn3guzquno7umjho7rigsrwcsaetfrahqmdblifoxhqxgq,Y,IPFS,https://i2.seadn.io/ethereum/0x276dc6bb7118353496b04bb4a16bca1763b6fbda/2f17c5e1404d0646bc3a0fed5e5a5c0c.png?w=350
Memory Loss,Edition,50,7/12/23,Unit London,,,https://opensea.io/collection/stored-memories,0x276Dc6BB7118353496b04BB4a16bcA1763B6FbdA,ERC-1155,3,,bafybeiae5jljr4ckjvnfjgxen4b7dlgjlu4o7wgqyp5v3r2hyncddpzqli,bafyreicushi2urzd7cjegnawjh4chfu2jgvbmdh34vwxkjchl2vjriny5y,Y,IPFS,https://i2.seadn.io/ethereum/0x276dc6bb7118353496b04bb4a16bca1763b6fbda/11a9c736f7cb4b8b8ada5cb9c39283df.jpeg?w=350
Cloud Poppers Arcade Cabinet,Edition,20,7/18/23,Async,,,https://opensea.io/assets/ethereum/0xd27e3e7a0ad30be4d3aa8c5e8939a28e733dc576/1,0xd27e3e7a0ad30be4d3aa8c5e8939a28e733dc576,ERC-1155,,,QmSXscYNNmD2NqUjD7hWTmxTneYAW2QqHPRZcMYnEWYDcm,QmTc4kwVy3dsdF4c9Pghm4m5E5JwFKEiZmMPynvZwAoaeN,,IPFS,https://i2.seadn.io/ethereum/0xd27e3e7a0ad30be4d3aa8c5e8939a28e733dc576/a26658325653a0064e2c22088712f34b.png?w=350
Alotta Love,Unique,1,9/2/23,Makersplace,,Trevor Jones Charity,https://opensea.io/assets/ethereum/0x1aa059a184841cffb9507fd9d4751bde9e99dc4e/0,,ERC-721,,,QmWffQiBFFkJycjgkDs3mzCQiwwzbyqcemVjCsUDRVEBwD,QmazCWTmSp5MXiqdgQpf1ceg6ZkLYV5qemiBtUgB8FiKJY,Y,IPFS,https://i2.seadn.io/ethereum/0x1aa059a184841cffb9507fd9d4751bde9e99dc4e/c52f18a6ea8f7b0c21774c7a83a4028f.jpeg?w=350
Cycle,Unique,1,10/3/23,AOTM,,,https://opensea.io/assets/ethereum/0x9494fa95d7987718da9ecef224f8520f5fa20fe3/8,,ERC-721,,,Arweave,,,Arweave,https://i2.seadn.io/ethereum/0x9494fa95d7987718da9ecef224f8520f5fa20fe3/0707008c1ae12a7e92cf618823df8e/cf0707008c1ae12a7e92cf618823df8e.gif?w=350
Transactional,Edition,342,11/2/23,6259 Memes,,,https://opensea.io/assets/ethereum/0x33fd426905f149f8376e227d0c9d3340aad17af1/175,,ERC-1155,,,Arweave,,,Arweave,https://i2.seadn.io/ethereum/0x33fd426905f149f8376e227d0c9d3340aad17af1/eafa1cab628213cdffb24faa63a78b/e6eafa1cab628213cdffb24faa63a78b.gif?w=350
Self-Assemblage,Unique,1,11/6/23,Christie's,,,https://opensea.io/assets/ethereum/0x9494fa95d7987718da9ecef224f8520f5fa20fe3/9,,ERC-721,,,Arweave,,,Arweave,https://i2.seadn.io/ethereum/0x9494fa95d7987718da9ecef224f8520f5fa20fe3/9d98e5a2a674b76d33dac88cdafb76/f79d98e5a2a674b76d33dac88cdafb76.gif?w=350
Gm&Gns,Edition,100,1/4/24,6259 Memes Labs,,,https://opensea.io/assets/ethereum/0x4db52a61dc491e15a2f78f5ac001c14ffe3568cb/47,,ERC-1155,,,Arweave,,,Arweave,https://i2.seadn.io/ethereum/0x4db52a61dc491e15a2f78f5ac001c14ffe3568cb/07615c553eaa0186b6a808bab99e71/ed07615c553eaa0186b6a808bab99e71.jpeg?w=1000
Fig 1: Identitfication,Edition,25,3/1/24,Manifold,,Morrow / Art Dubai,https://opensea.io/assets/ethereum/0x2c8868ace2fd20644c3dd1414141fd85bba41e47/1,,ERC-1155,,,Arweave,,,Arweave,https://i2.seadn.io/ethereum/0x2c8868ace2fd20644c3dd1414141fd85bba41e47/e68a192925434f7c5747c6b7c9955e94.gif?w=350
Fig 2: Art,Edition,25,3/1/24,Manifold,,Morrow / Art Dubai,https://opensea.io/assets/ethereum/0x2c8868ace2fd20644c3dd1414141fd85bba41e47/2,,ERC-1155,,,Arweave,,,Arweave,https://i2.seadn.io/ethereum/0x2c8868ace2fd20644c3dd1414141fd85bba41e47/12e77b881d6c31588a426d9db9ca9130.gif?w=350
Fig 3: Collectible,Edition,25,3/1/24,Manifold,,Morrow / Art Dubai,https://opensea.io/assets/ethereum/0x2c8868ace2fd20644c3dd1414141fd85bba41e47/3,,ERC-1155,,,Arweave,,,Arweave,https://i2.seadn.io/ethereum/0x2c8868ace2fd20644c3dd1414141fd85bba41e47/2e8954ab80d9fc71e1b835e6a77b920f.gif?w=350
Fig 4: Generative,Edition,25,3/1/24,Manifold,,Morrow / Art Dubai,https://opensea.io/assets/ethereum/0x2c8868ace2fd20644c3dd1414141fd85bba41e47/4,,ERC-1155,,,Arweave,,,Arweave,https://i2.seadn.io/ethereum/0x2c8868ace2fd20644c3dd1414141fd85bba41e47/e7b6f2398d8224539f345837acca3e61.gif?w=350
CopyCat,Edition,50,3/12/24,Foundation,,SuperChief,https://opensea.io/collection/copycatbybrinkman,0x2d0514d64621d3850b6397200b02f14aeabc6d19,ERC-721,,,Arweave,,,Arweave,https://i2.seadn.io/ethereum/0x2d0514d64621d3850b6397200b02f14aeabc6d19/1112313543d862f4e95b28248dd0b9f7.mp4?frame-time=1&w=350
Right Click Savior,Edition,100,4/25/24,ClickCreate,,,https://opensea.io/assets/ethereum/0x300e7a5fb0ab08af367d5fb3915930791bb08c2b/60,0x300e7a5fb0ab08af367d5fb3915930791bb08c2b,ERC-1155,60,60,Arweave,,,Arweave,https://i2.seadn.io/ethereum/0x300e7a5fb0ab08af367d5fb3915930791bb08c2b/19a7df57d04b9ec3f01c8e031865e4/df19a7df57d04b9ec3f01c8e031865e4.jpeg?w=1000
Battery Life,Edition,100,5/2/24,Transient Labs,,Digital Dreams KC,https://opensea.io/assets/base/0x658e4dad7e206f662692bf913db33cf7a213565e/1,,ERC-1155,,,Arweave,,,Arweave,https://i2.seadn.io/base/0x658e4dad7e206f662692bf913db33cf7a213565e/094f92d3eee84c57e64806f7d5ecbc/82094f92d3eee84c57e64806f7d5ecbc.gif?w=350
PreCycle,Unique,1,5/9/24,Ensemble,,,https://opensea.io/collection/bryan-brinkman-sketches,,ERC-721,,,Arweave,,,Arweave,https://i2.seadn.io/ethereum/0x57ac8098b4194d57e6432fba1cff3d5214e2aec3/d82f449ed6c29dcbcba4f598cb75ec14.jpeg?w=1000
PreTonomy,Unique,1,5/9/24,Ensemble,,,https://opensea.io/collection/bryan-brinkman-sketches,,ERC-721,,,Arweave,,,Arweave,https://i2.seadn.io/ethereum/0x57ac8098b4194d57e6432fba1cff3d5214e2aec3/4dbb2bbbc876ad2f0a3bf0a4e4f7553d.jpeg?w=1000
PreStrung,Unique,1,5/9/24,Ensemble,,,https://opensea.io/collection/bryan-brinkman-sketches,,ERC-721,,,Arweave,,,Arweave,https://i2.seadn.io/ethereum/0x57ac8098b4194d57e6432fba1cff3d5214e2aec3/ca666ae66cb166c7afae7b85ab9aa78e.jpeg?w=1000
Beginnings,Edition,50,7/1/24,Manifold,,452b,https://opensea.io/assets/ethereum/0xd3846a7d6c4110ab6ae26939225ff11b9c42e0cb/10,,ERC-1155,,,Arweave,,,Arweave,https://i2.seadn.io/ethereum/0xd3846a7d6c4110ab6ae26939225ff11b9c42e0cb/27ad8b6045b660d9cc7f60af7347b8/e127ad8b6045b660d9cc7f60af7347b8.gif?w=350
Ephemeral Embers,Edition,100,7/24/24,Iconic,,Rockwell,https://opensea.io/collection/ephemeralembers,,ERC-721,,,,,,,https://i2.seadn.io/ethereum/0x1804b6b764d1c7dce7dd16b4a00533044f890d87/d44f2df72af29e0d41338fbee3431469.webp?w=350
Climb,Unique,1,10/11/24,Christie's,,,https://opensea.io/item/ethereum/0x9494fa95d7987718da9ecef224f8520f5fa20fe3/10,,ERC-721,,,,,,,https://ecah7557gtvh4uqkzo5uip2gplmqhmc64chxy6k5w7lliyormrxa.arweave.net/IIB_97806n5SCsu7RD9GetkDsF7gj3x5XbfWtGHRZG4
Bloom,Edition,100,11/10/24,LG Lab Art,,LG x NFT Now,https://opensea.io/collection/bloombrinkman,,ERC-1155,,,Hosted by Platform,,,,https://i2.seadn.io/ethereum/0x4e5a0bdb6eda0bbd5a1e4f7263cb0648e4969186/23092b718b696b057e3d2fd760f131/e423092b718b696b057e3d2fd760f131.jpeg?w=350
Pepe Toilets NYC,Series,3,1/6/25,VVD/Pepe,"#10, #11, #12",,https://opensea.io/collection/pepe-toilets-nyc-1,,ERC-721,,,,,,,https://i2.seadn.io/ethereum/0x135d5b0ffe088f1cd795ca7b433a6d96abbde874/7c0354d3e59cc0e5f0b3e8567b319e/737c0354d3e59cc0e5f0b3e8567b319e.jpeg?w=1000
FL1CK3R,Series,30,1/16/25,Osura,,OCM,https://magiceden.us/ordinals/marketplace/fl1ck3r,,ORDINALS,,,,,ONCHAIN,ONCHAIN,https://img-cdn.magiceden.dev/da:t/rs:fit:400:0:0/plain/https%3A%2F%2Fbafybeieksl6ofojv3qjttujilbdge5ubbgprktqjf2isrkhzz7owlnpx44.ipfs.nftstorage.link%2FBrinkman_Ordinals_22.jpg
Barrel Of Monkeys,Edition,5,3/18/25,Apechain,,,https://opensea.io/collection/barrel-of-monkeys-by-bryan-brinkman,,ERC-721,,,,,,,https://i2.seadn.io/ape_chain/0xfde5148f41627710769b27ae2a9d56e1a1b87542/70f2a9bbdd5ec7afb691daa25568d7/c170f2a9bbdd5ec7afb691daa25568d7.jpeg?w=1000
Cadence,Unique,1,3/25/25,SuperRare,,Eddie Wharton,https://opensea.io/item/ethereum/0x8917811ac742ad95fc884d362babad2633bef811/1,,ERC-721,,,bafkreicqp2y5iws5adrqx2n5mkbexh35opxyvfjfe25hawg5zml3n2xili,bafkreifgi2uhugon5c6tit2io4tpf4idviynnc2zm5u5juwga6qhhx7hti,,,https://p199.p4.n0.cdn.zight.com/items/Wnu9rY2K/55608162-d389-4bb3-afd0-8293c0b2dba2.jpeg?source=viewer&v=942651257173995c02c1c18845524a5b
Cadence Mementos,Series,30,4/4/25,Transient Labs,,Eddie Wharton,https://opensea.io/collection/cadence-mementos,,ERC-721,,,,,,,https://i2.seadn.io/ethereum/0x179e2493657f05ec9a84d17a42aa72649cea2bd5/effee31b2430d4ddf6ded3c9aa9a4c/f2effee31b2430d4ddf6ded3c9aa9a4c.jpeg?w=1000